date,bitcoin
2016-05-29 00:00:00+00:00,523.7149793878439
2016-05-30 00:00:00+00:00,531.8004473846544
2016-05-31 00:00:00+00:00,533.8656422350883
2016-06-01 00:00:00+00:00,531.855019042831
2016-06-02 00:00:00+00:00,534.673868396329
2016-06-03 00:00:00+00:00,553.0333900236197
2016-06-04 00:00:00+00:00,572.7280887436215
2016-06-05 00:00:00+00:00,574.2643873236088
2016-06-06 00:00:00+00:00,580.4241290231803
2016-06-07 00:00:00+00:00,580.394986497504
2016-06-10 00:00:00+00:00,575.2406500793593
2016-06-11 00:00:00+00:00,583.1195061311195
2016-06-12 00:00:00+00:00,638.2139210615545
2016-06-13 00:00:00+00:00,686.9805904969686
2016-06-14 00:00:00+00:00,685.3309498491295
2016-06-15 00:00:00+00:00,682.7356027063449
2016-06-16 00:00:00+00:00,737.9980180623484
2016-06-17 00:00:00+00:00,747.4894416592415
2016-06-18 00:00:00+00:00,750.4465847927686
2016-06-19 00:00:00+00:00,753.8866607537328
2016-06-20 00:00:00+00:00,746.3719120581391
2016-06-21 00:00:00+00:00,679.9192045923093
2016-06-22 00:00:00+00:00,651.1883026766685
2016-06-23 00:00:00+00:00,591.6568616846082
2016-06-24 00:00:00+00:00,655.1823317088168
2016-06-25 00:00:00+00:00,671.3522764655532
2016-06-26 00:00:00+00:00,641.4925509647892
2016-06-27 00:00:00+00:00,639.1154980950269
2016-06-28 00:00:00+00:00,647.3746895967314
2016-06-30 00:00:00+00:00,652.1013979617603
2016-07-01 00:00:00+00:00,675.1514741986025
2016-07-02 00:00:00+00:00,685.2843531525738
2016-07-03 00:00:00+00:00,674.654460990926
2016-07-04 00:00:00+00:00,668.920139261455
2016-07-05 00:00:00+00:00,670.1876883433558
2016-07-06 00:00:00+00:00,671.6514803656457
2016-07-07 00:00:00+00:00,641.1453563413255
2016-07-08 00:00:00+00:00,646.0783722109932
2016-07-09 00:00:00+00:00,649.965004485248
2016-07-10 00:00:00+00:00,645.3374937680402
2016-07-11 00:00:00+00:00,647.4477290675194
2016-07-12 00:00:00+00:00,656.5221706626988
2016-07-13 00:00:00+00:00,662.8925478664349
2016-07-14 00:00:00+00:00,656.8746490246467
2016-07-15 00:00:00+00:00,662.496525850265
2016-07-16 00:00:00+00:00,662.9047577387319
2016-07-17 00:00:00+00:00,669.4186797242953
2016-07-18 00:00:00+00:00,675.2225859473269
2016-07-19 00:00:00+00:00,669.8238130836639
2016-07-20 00:00:00+00:00,667.9960711759477
2016-07-21 00:00:00+00:00,662.8333801812585
2016-07-24 00:00:00+00:00,656.8431119423086
2016-07-25 00:00:00+00:00,655.9592865125735
2016-07-28 00:00:00+00:00,654.9924692265846
2016-07-29 00:00:00+00:00,655.2767731244181
2016-07-30 00:00:00+00:00,655.2021646633359
2016-07-31 00:00:00+00:00,635.9202402351098
2016-08-01 00:00:00+00:00,619.9776075037572
2016-08-02 00:00:00+00:00,592.207771211224
2016-08-03 00:00:00+00:00,551.5514171277676
2016-08-04 00:00:00+00:00,576.1178608266094
2016-08-05 00:00:00+00:00,575.6203358297233
2016-08-06 00:00:00+00:00,577.5380625501307
2016-08-07 00:00:00+00:00,590.7519676168779
2016-08-08 00:00:00+00:00,590.2448199696832
2016-08-09 00:00:00+00:00,586.6932769289182
2016-08-10 00:00:00+00:00,590.5602204983189
2016-08-11 00:00:00+00:00,591.7145142481027
2016-08-12 00:00:00+00:00,586.5473570043445
2016-08-13 00:00:00+00:00,586.1167196079117
2016-08-14 00:00:00+00:00,575.61284129858
2016-08-15 00:00:00+00:00,568.2787193775789
2016-08-16 00:00:00+00:00,571.2766898315568
2016-08-17 00:00:00+00:00,574.4955211966745
2016-08-18 00:00:00+00:00,573.4121574591508
2016-08-19 00:00:00+00:00,573.5504907278245
2016-08-20 00:00:00+00:00,577.102792920318
2016-08-21 00:00:00+00:00,580.788669837848
2016-08-25 00:00:00+00:00,574.8881088638683
2016-08-26 00:00:00+00:00,577.5991570520248
2016-08-27 00:00:00+00:00,573.4192542435392
2016-08-28 00:00:00+00:00,571.9034985593718
2016-08-29 00:00:00+00:00,574.8405458578493
2016-08-30 00:00:00+00:00,576.5853170088908
2016-08-31 00:00:00+00:00,574.1452975451972
2016-09-01 00:00:00+00:00,573.0677558255346
2016-09-02 00:00:00+00:00,573.3657523546085
2016-09-03 00:00:00+00:00,580.1571054532936
2016-09-04 00:00:00+00:00,605.0055036030788
2016-09-05 00:00:00+00:00,606.0897100278744
2016-09-06 00:00:00+00:00,608.3579984635682
2016-09-07 00:00:00+00:00,612.1746939468469
2016-09-08 00:00:00+00:00,622.6780615676493
2016-09-09 00:00:00+00:00,622.8559621353497
2016-09-10 00:00:00+00:00,623.8276978336546
2016-09-11 00:00:00+00:00,620.5681512896217
2016-09-12 00:00:00+00:00,607.5155344822812
2016-09-13 00:00:00+00:00,608.8395431613783
2016-09-14 00:00:00+00:00,610.2131707890559
2016-09-15 00:00:00+00:00,609.0709289542737
2016-09-16 00:00:00+00:00,608.1360629426124
2016-09-17 00:00:00+00:00,607.3399456711867
2016-09-18 00:00:00+00:00,608.9007346769082
2016-09-19 00:00:00+00:00,609.882934085695
2016-09-20 00:00:00+00:00,608.8858659228058
2016-09-21 00:00:00+00:00,597.7827377072058
2016-09-22 00:00:00+00:00,597.1003893272875
2016-09-23 00:00:00+00:00,599.2461748340546
2016-09-24 00:00:00+00:00,603.3806473515447
2016-09-25 00:00:00+00:00,601.7804319565748
2016-09-26 00:00:00+00:00,604.7122362868428
2016-09-27 00:00:00+00:00,605.630651524704
2016-09-28 00:00:00+00:00,604.5672912854515
2016-09-29 00:00:00+00:00,604.7798653986829
2016-09-30 00:00:00+00:00,605.1674279749031
2016-10-01 00:00:00+00:00,612.4516126109373
2016-10-02 00:00:00+00:00,611.4345612389063
2016-10-03 00:00:00+00:00,611.3976727938898
2016-10-04 00:00:00+00:00,609.81258047564
2016-10-05 00:00:00+00:00,610.8813540388783
2016-10-06 00:00:00+00:00,611.4682852880295
2016-10-07 00:00:00+00:00,614.6506582305744
2016-10-08 00:00:00+00:00,618.0963847387703
2016-10-09 00:00:00+00:00,616.9089919520392
2016-10-10 00:00:00+00:00,617.0332236113172
2016-10-11 00:00:00+00:00,632.4799222685792
2016-10-12 00:00:00+00:00,638.1164348244788
2016-10-13 00:00:00+00:00,636.1954223443416
2016-10-17 00:00:00+00:00,639.0045526165944
2016-10-18 00:00:00+00:00,636.8231160863497
2016-10-19 00:00:00+00:00,632.3593236319213
2016-10-20 00:00:00+00:00,628.9691441149345
2016-10-21 00:00:00+00:00,630.9117908576364
2016-10-22 00:00:00+00:00,641.8470815474914
2016-10-23 00:00:00+00:00,653.8777342257997
2016-10-24 00:00:00+00:00,650.7550277336471
2016-10-25 00:00:00+00:00,655.0227933448464
2016-10-26 00:00:00+00:00,665.3205655108156
2016-10-27 00:00:00+00:00,682.5819232166093
2016-10-28 00:00:00+00:00,685.870695563358
2016-10-29 00:00:00+00:00,706.1455318027593
2016-10-30 00:00:00+00:00,704.5772835133718
2016-10-31 00:00:00+00:00,698.1368115897153
2016-11-01 00:00:00+00:00,720.9233542233054
2016-11-02 00:00:00+00:00,725.1731305871824
2016-11-03 00:00:00+00:00,724.1470689072614
2016-11-04 00:00:00+00:00,699.3002622772535
2016-11-05 00:00:00+00:00,703.085029680914
2016-11-06 00:00:00+00:00,709.6431525838763
2016-11-07 00:00:00+00:00,704.5319228399889
2016-11-08 00:00:00+00:00,706.004262662118
2016-11-09 00:00:00+00:00,725.0653330896048
2016-11-10 00:00:00+00:00,713.7573224187877
2016-11-11 00:00:00+00:00,714.3270787902842
2016-11-12 00:00:00+00:00,708.2898211583032
2016-11-13 00:00:00+00:00,696.0594820200266
2016-11-14 00:00:00+00:00,701.9462262569525
2016-11-27 00:00:00+00:00,731.8263285405737
2016-11-28 00:00:00+00:00,731.3205088805983
2016-11-29 00:00:00+00:00,731.8877301545765
2016-11-30 00:00:00+00:00,737.4384057568526
2016-12-06 00:00:00+00:00,755.7908719738044
2016-12-07 00:00:00+00:00,760.540479009564
2016-12-08 00:00:00+00:00,766.5891153578879
2016-12-09 00:00:00+00:00,768.4779324874654
2016-12-10 00:00:00+00:00,772.1920862975069
2016-12-11 00:00:00+00:00,767.2139766423156
2016-12-12 00:00:00+00:00,774.1831417730258
2016-12-13 00:00:00+00:00,777.7503482416676
2016-12-14 00:00:00+00:00,776.3822276737632
2016-12-15 00:00:00+00:00,776.7544329730312
2016-12-16 00:00:00+00:00,778.726691600392
2016-12-17 00:00:00+00:00,786.6860842407026
2016-12-18 00:00:00+00:00,787.6106678114857
2016-12-19 00:00:00+00:00,789.6894427994223
2016-12-20 00:00:00+00:00,790.0087530174717
2016-12-21 00:00:00+00:00,811.9064739529573
2016-12-22 00:00:00+00:00,853.8693119383332
2016-12-23 00:00:00+00:00,895.9254246955151
2016-12-24 00:00:00+00:00,897.8995148026276
2016-12-25 00:00:00+00:00,872.1482398280104
2016-12-26 00:00:00+00:00,897.5019057983569
2016-12-27 00:00:00+00:00,914.102433548955
2016-12-28 00:00:00+00:00,951.6939971789517
2016-12-29 00:00:00+00:00,967.982384754956
2016-12-30 00:00:00+00:00,951.748777309164
2016-12-31 00:00:00+00:00,952.7482537836877
2017-01-01 00:00:00+00:00,974.2800513976152
2017-01-02 00:00:00+00:00,1011.1228986770356
2017-01-03 00:00:00+00:00,1017.213358639858
2017-01-04 00:00:00+00:00,1076.4506845850697
2017-01-05 00:00:00+00:00,1048.4278934642316
2017-01-06 00:00:00+00:00,930.0936498661276
2017-01-07 00:00:00+00:00,868.2682157991159
2017-01-08 00:00:00+00:00,912.451423379023
2017-01-10 00:00:00+00:00,899.8388732322544
2017-01-11 00:00:00+00:00,846.3265359051812
2017-01-12 00:00:00+00:00,784.2369849552844
2017-01-13 00:00:00+00:00,806.6320551612157
2017-01-14 00:00:00+00:00,825.5048352839515
2017-01-15 00:00:00+00:00,817.0032430284692
2017-01-16 00:00:00+00:00,826.5656389214489
2017-01-17 00:00:00+00:00,874.7453475300346
2017-01-18 00:00:00+00:00,883.7257482229819
2017-01-19 00:00:00+00:00,892.2061908333624
2017-01-20 00:00:00+00:00,893.5339270744519
2017-01-21 00:00:00+00:00,916.6608514073646
2017-01-22 00:00:00+00:00,922.2238643905198
2017-01-23 00:00:00+00:00,918.5351257601811
2017-01-24 00:00:00+00:00,906.32225849046
2017-01-25 00:00:00+00:00,893.712865908748
2017-01-26 00:00:00+00:00,904.5935604807158
2017-01-28 00:00:00+00:00,918.9326884611552
2017-01-29 00:00:00+00:00,918.1889270460318
2017-01-31 00:00:00+00:00,939.2458352320874
2017-02-04 00:00:00+00:00,1013.078201053397
2017-02-06 00:00:00+00:00,1017.2886935442036
2017-02-07 00:00:00+00:00,1038.5431147940517
2017-02-08 00:00:00+00:00,1050.2013804899696
2017-02-09 00:00:00+00:00,1020.35851532641
2017-02-10 00:00:00+00:00,975.3799947453421
2017-02-11 00:00:00+00:00,1004.1592839362291
2017-02-12 00:00:00+00:00,1000.2272693717377
2017-02-13 00:00:00+00:00,997.1113602514179
2017-02-14 00:00:00+00:00,1004.3102946673282
2017-02-15 00:00:00+00:00,1007.6359164427377
2017-02-16 00:00:00+00:00,1024.9458423435817
2017-02-17 00:00:00+00:00,1045.3798768873737
2017-02-18 00:00:00+00:00,1059.2445183850605
2017-02-19 00:00:00+00:00,1052.0075029330917
2017-02-20 00:00:00+00:00,1054.9879540537654
2017-02-21 00:00:00+00:00,1099.4857553172797
2017-02-22 00:00:00+00:00,1117.6268053609554
2017-02-23 00:00:00+00:00,1143.1747573484654
2017-02-24 00:00:00+00:00,1183.0491657774935
2017-02-26 00:00:00+00:00,1160.837811070404
2017-02-28 00:00:00+00:00,1191.0722751362096
2017-03-01 00:00:00+00:00,1204.4204263982556
2017-03-02 00:00:00+00:00,1237.314996308322
2017-03-03 00:00:00+00:00,1271.3100808501456
2017-03-05 00:00:00+00:00,1262.0381706473154
2017-03-06 00:00:00+00:00,1274.7873885403205
2017-03-07 00:00:00+00:00,1253.0889682328948
2017-03-08 00:00:00+00:00,1195.5507145222784
2017-03-09 00:00:00+00:00,1175.715632288365
2017-03-10 00:00:00+00:00,1201.7356811177433
2017-03-11 00:00:00+00:00,1168.170041535962
2017-03-12 00:00:00+00:00,1195.5670363587708
2017-03-13 00:00:00+00:00,1230.019399750254
2017-03-14 00:00:00+00:00,1239.4018712285845
2017-03-15 00:00:00+00:00,1247.1678578573767
2017-03-16 00:00:00+00:00,1219.005961300222
2017-03-17 00:00:00+00:00,1129.3341039781017
2017-03-18 00:00:00+00:00,1035.71111533093
2017-03-19 00:00:00+00:00,1013.4621910940922
2017-03-20 00:00:00+00:00,1038.8259001031583
2017-03-21 00:00:00+00:00,1089.7540038959428
2017-03-22 00:00:00+00:00,1060.9224249165075
2017-03-23 00:00:00+00:00,1044.0709113082496
2017-03-24 00:00:00+00:00,997.2988678517352
2017-03-25 00:00:00+00:00,936.3214771616337
2017-03-26 00:00:00+00:00,975.5601494033608
2017-03-27 00:00:00+00:00,1004.8231553439728
2017-03-28 00:00:00+00:00,1047.342650280966
2017-03-29 00:00:00+00:00,1037.2559830506432
2017-03-30 00:00:00+00:00,1038.8532406285224
2017-03-31 00:00:00+00:00,1059.7473126059972
2017-04-01 00:00:00+00:00,1086.906896715504
2017-04-02 00:00:00+00:00,1093.3596589741724
2017-04-03 00:00:00+00:00,1137.9376457174662
2017-04-04 00:00:00+00:00,1146.380340512919
2017-04-05 00:00:00+00:00,1131.4416162520245
2017-04-06 00:00:00+00:00,1169.825887794382
2017-04-07 00:00:00+00:00,1193.5026343581767
2017-04-08 00:00:00+00:00,1190.8349744367977
2017-04-09 00:00:00+00:00,1197.615334002238
2017-04-10 00:00:00+00:00,1213.7690210729288
2017-04-11 00:00:00+00:00,1219.30551712078
2017-04-12 00:00:00+00:00,1224.3631815351991
2017-04-13 00:00:00+00:00,1196.553387953831
2017-04-14 00:00:00+00:00,1194.3723668815562
2017-04-15 00:00:00+00:00,1193.7647674883463
2017-04-16 00:00:00+00:00,1191.276237245483
2017-04-17 00:00:00+00:00,1198.6278642104005
2017-04-18 00:00:00+00:00,1225.7270409028476
2017-04-19 00:00:00+00:00,1223.687966174492
2017-04-20 00:00:00+00:00,1243.5384244190475
2017-04-21 00:00:00+00:00,1267.0808206522552
2017-04-22 00:00:00+00:00,1263.6187633414906
2017-04-23 00:00:00+00:00,1273.8893069796875
2017-04-24 00:00:00+00:00,1276.2498246862012
2017-04-25 00:00:00+00:00,1289.3735048035164
2017-04-26 00:00:00+00:00,1314.229363733682
2017-04-27 00:00:00+00:00,1340.7722348816128
2017-04-28 00:00:00+00:00,1347.9356504226987
2017-04-29 00:00:00+00:00,1357.734187826007
2017-04-30 00:00:00+00:00,1360.033599319934
2017-05-01 00:00:00+00:00,1418.4239430662158
2017-05-02 00:00:00+00:00,1465.3423690069956
2017-05-03 00:00:00+00:00,1489.9624303325074
2017-05-04 00:00:00+00:00,1554.5671868291702
2017-05-05 00:00:00+00:00,1566.6380932498416
2017-05-06 00:00:00+00:00,1553.8877056133929
2017-05-07 00:00:00+00:00,1560.0996603551673
2017-05-08 00:00:00+00:00,1617.4033061582559
2017-05-09 00:00:00+00:00,1722.9089959167077
2017-05-10 00:00:00+00:00,1743.7235232765304
2017-05-11 00:00:00+00:00,1828.6782094544703
2017-05-12 00:00:00+00:00,1776.443918568946
2017-05-13 00:00:00+00:00,1714.964197890247
2017-05-14 00:00:00+00:00,1789.2789126348855
2017-05-15 00:00:00+00:00,1742.7229452857355
2017-05-16 00:00:00+00:00,1724.3113059182585
2017-05-17 00:00:00+00:00,1802.0350541304333
2017-05-18 00:00:00+00:00,1840.5016779388884
2017-05-19 00:00:00+00:00,1932.2849783461047
2017-05-20 00:00:00+00:00,1988.961436135624
2017-05-21 00:00:00+00:00,2041.043205772914
2017-05-22 00:00:00+00:00,2132.615874751864
2017-05-23 00:00:00+00:00,2192.0009679231935
2017-05-24 00:00:00+00:00,2357.398184433339
2017-05-25 00:00:00+00:00,2545.894707898613
2017-05-26 00:00:00+00:00,2372.674114155732
2017-05-27 00:00:00+00:00,2046.891968241988
2017-05-28 00:00:00+00:00,2155.227075646808
2017-05-29 00:00:00+00:00,2212.0498491204808
2017-05-30 00:00:00+00:00,2250.859258755994
2017-05-31 00:00:00+00:00,2227.2203346728793
2017-06-01 00:00:00+00:00,2372.2884143088504
2017-06-02 00:00:00+00:00,2407.7554410462753
2017-06-03 00:00:00+00:00,2500.4309798913396
2017-06-04 00:00:00+00:00,2505.2799349976763
2017-06-05 00:00:00+00:00,2588.9514701000962
2017-06-06 00:00:00+00:00,2819.741340589404
2017-06-07 00:00:00+00:00,2807.9937348870217
2017-06-08 00:00:00+00:00,2746.1158976064735
2017-06-09 00:00:00+00:00,2817.2909944355847
2017-06-10 00:00:00+00:00,2846.7352469575703
2017-06-11 00:00:00+00:00,2894.776614870636
2017-06-12 00:00:00+00:00,2782.433486050072
2017-06-13 00:00:00+00:00,2697.9214086771694
2017-06-14 00:00:00+00:00,2644.4253199506343
2017-06-15 00:00:00+00:00,2357.0754170535156
2017-06-16 00:00:00+00:00,2457.454271992891
2017-06-17 00:00:00+00:00,2566.4386712808464
2017-06-18 00:00:00+00:00,2570.472055025248
2017-06-19 00:00:00+00:00,2570.784854939424
2017-06-20 00:00:00+00:00,2675.4288046395845
2017-06-21 00:00:00+00:00,2714.153854789324
2017-06-22 00:00:00+00:00,2689.3516360221456
2017-06-23 00:00:00+00:00,2734.3678119348215
2017-06-24 00:00:00+00:00,2671.630989827999
2017-06-25 00:00:00+00:00,2569.003705971599
2017-06-26 00:00:00+00:00,2466.3220761453185
2017-06-27 00:00:00+00:00,2417.8673732334355
2017-06-28 00:00:00+00:00,2543.7377538489886
2017-06-29 00:00:00+00:00,2566.8513105964216
2017-06-30 00:00:00+00:00,2539.860406612891
2017-07-01 00:00:00+00:00,2451.213200451684
2017-07-02 00:00:00+00:00,2459.34750273806
2017-07-03 00:00:00+00:00,2541.03705265474
2017-07-04 00:00:00+00:00,2612.2555096168926
2017-07-05 00:00:00+00:00,2590.6412916584127
2017-07-06 00:00:00+00:00,2606.473707965338
2017-07-07 00:00:00+00:00,2553.6769466876726
2017-07-08 00:00:00+00:00,2520.624858743495
2017-07-09 00:00:00+00:00,2545.2185368276077
2017-07-10 00:00:00+00:00,2453.348679589129
2017-07-11 00:00:00+00:00,2346.6941939320527
2017-07-12 00:00:00+00:00,2354.4149284333535
2017-07-13 00:00:00+00:00,2378.792459861687
2017-07-14 00:00:00+00:00,2291.0770730939767
2017-07-15 00:00:00+00:00,2096.067599666544
2017-07-16 00:00:00+00:00,1958.2490229155185
2017-07-17 00:00:00+00:00,2071.957172079736
2017-07-18 00:00:00+00:00,2288.241462106565
2017-07-19 00:00:00+00:00,2327.1945240641858
2017-07-20 00:00:00+00:00,2498.842413619392
2017-07-21 00:00:00+00:00,2725.390531998002
2017-07-22 00:00:00+00:00,2789.3020441954686
2017-07-23 00:00:00+00:00,2774.082160434926
2017-07-24 00:00:00+00:00,2758.004095046776
2017-07-25 00:00:00+00:00,2639.382029619273
2017-07-26 00:00:00+00:00,2531.377947204072
2017-07-27 00:00:00+00:00,2597.7124723387224
2017-07-28 00:00:00+00:00,2759.9124881104567
2017-07-29 00:00:00+00:00,2743.732100410984
2017-07-30 00:00:00+00:00,2707.27549641338
2017-07-31 00:00:00+00:00,2787.871182006029
2017-08-01 00:00:00+00:00,2793.5616667002164
2017-08-02 00:00:00+00:00,2727.9489551232127
2017-08-03 00:00:00+00:00,2757.4283650019843
2017-08-04 00:00:00+00:00,2842.113533093265
2017-08-05 00:00:00+00:00,3161.3144898855044
2017-08-06 00:00:00+00:00,3234.1647239248055
2017-08-07 00:00:00+00:00,3312.5352860665967
2017-08-08 00:00:00+00:00,3427.090070299544
2017-08-09 00:00:00+00:00,3353.1546188048087
2017-08-10 00:00:00+00:00,3403.6714018471885
2017-08-11 00:00:00+00:00,3518.3843350453812
2017-08-12 00:00:00+00:00,3779.2957922195105
2017-08-13 00:00:00+00:00,4037.258400536228
2017-08-14 00:00:00+00:00,4182.4552546757295
2017-08-15 00:00:00+00:00,4183.435328640372
2017-08-16 00:00:00+00:00,4179.999752473496
2017-08-17 00:00:00+00:00,4357.074929033165
2017-08-18 00:00:00+00:00,4234.004586952084
2017-08-19 00:00:00+00:00,4086.0148079376104
2017-08-20 00:00:00+00:00,4110.403671193809
2017-08-21 00:00:00+00:00,4041.3383525676295
2017-08-22 00:00:00+00:00,3937.8815116812375
2017-08-23 00:00:00+00:00,4161.584034975929
2017-08-24 00:00:00+00:00,4212.06675244798
2017-08-25 00:00:00+00:00,4374.049373414105
2017-08-26 00:00:00+00:00,4325.755746567005
2017-08-27 00:00:00+00:00,4352.398396701514
2017-08-28 00:00:00+00:00,4315.5054171869315
2017-08-29 00:00:00+00:00,4472.723677745293
2017-08-30 00:00:00+00:00,4581.496385291296
2017-08-31 00:00:00+00:00,4677.042217062776
2017-09-01 00:00:00+00:00,4804.862062621696
2017-09-02 00:00:00+00:00,4681.537115478009
2017-09-03 00:00:00+00:00,4592.147280451579
2017-09-04 00:00:00+00:00,4392.152157609668
2017-09-05 00:00:00+00:00,4278.301168921408
2017-09-06 00:00:00+00:00,4558.024756442482
2017-09-07 00:00:00+00:00,4596.263785816117
2017-09-08 00:00:00+00:00,4486.716038707175
2017-09-09 00:00:00+00:00,4308.10097511803
2017-09-10 00:00:00+00:00,4199.962077500381
2017-09-11 00:00:00+00:00,4217.867889475723
2017-09-12 00:00:00+00:00,4252.300514421631
2017-09-13 00:00:00+00:00,3932.327285997464
2017-09-14 00:00:00+00:00,3625.638087532017
2017-09-15 00:00:00+00:00,3414.128827642525
2017-09-16 00:00:00+00:00,3721.4141298056006
2017-09-17 00:00:00+00:00,3650.471358780758
2017-09-18 00:00:00+00:00,3944.593164558727
2017-09-19 00:00:00+00:00,3962.9072683522104
2017-09-20 00:00:00+00:00,3940.7898366672966
2017-09-21 00:00:00+00:00,3789.6255610090366
2017-09-22 00:00:00+00:00,3623.849506409252
2017-09-23 00:00:00+00:00,3718.515761581359
2017-09-24 00:00:00+00:00,3695.787736757959
2017-09-25 00:00:00+00:00,3821.638193003655
2017-09-26 00:00:00+00:00,3918.465311107502
2017-09-27 00:00:00+00:00,4040.727971100839
2017-09-28 00:00:00+00:00,4192.329722293281
2017-09-29 00:00:00+00:00,4150.940077120762
2017-09-30 00:00:00+00:00,4290.213987293952
2017-10-01 00:00:00+00:00,4319.431635895204
2017-10-02 00:00:00+00:00,4415.596162459017
2017-10-03 00:00:00+00:00,4319.436825100625
2017-10-04 00:00:00+00:00,4258.025787685423
2017-10-05 00:00:00+00:00,4263.358712621315
2017-10-06 00:00:00+00:00,4368.893274624768
2017-10-07 00:00:00+00:00,4363.88966235976
2017-10-08 00:00:00+00:00,4505.978488685517
2017-10-09 00:00:00+00:00,4653.938501804138
2017-10-10 00:00:00+00:00,4825.151594422907
2017-10-11 00:00:00+00:00,4798.983293652951
2017-10-12 00:00:00+00:00,5123.975068787638
2017-10-13 00:00:00+00:00,5631.17191477151
2017-10-14 00:00:00+00:00,5676.459305324841
2017-10-15 00:00:00+00:00,5626.805783479977
2017-10-16 00:00:00+00:00,5682.431878743274
2017-10-17 00:00:00+00:00,5627.765191554348
2017-10-18 00:00:00+00:00,5401.389628974271
2017-10-19 00:00:00+00:00,5655.172528043261
2017-10-20 00:00:00+00:00,5796.599716484048
2017-10-21 00:00:00+00:00,6078.489191103294
2017-10-22 00:00:00+00:00,5913.487034014589
2017-10-23 00:00:00+00:00,5874.039624017566
2017-10-24 00:00:00+00:00,5658.355853164696
2017-10-25 00:00:00+00:00,5543.69627103737
2017-10-26 00:00:00+00:00,5821.085708373703
2017-10-27 00:00:00+00:00,5824.033698157988
2017-10-28 00:00:00+00:00,5748.522548481745
2017-10-29 00:00:00+00:00,5879.699073346645
2017-10-30 00:00:00+00:00,6131.364185999589
2017-10-31 00:00:00+00:00,6252.907138077604
2017-11-01 00:00:00+00:00,6508.757909236046
2017-11-02 00:00:00+00:00,6962.236009028693
2017-11-03 00:00:00+00:00,7236.631401522186
2017-11-04 00:00:00+00:00,7256.228900383799
2017-11-05 00:00:00+00:00,7469.9650309928975
2017-11-06 00:00:00+00:00,7233.594985855117
2017-11-07 00:00:00+00:00,7105.965904966692
2017-11-08 00:00:00+00:00,7379.467938383486
2017-11-09 00:00:00+00:00,7236.284124428134
2017-11-10 00:00:00+00:00,6943.8492186440935
2017-11-11 00:00:00+00:00,6524.688148397496
2017-11-12 00:00:00+00:00,6072.979076720341
2017-11-13 00:00:00+00:00,6311.649473110315
2017-11-14 00:00:00+00:00,6563.202109456304
2017-11-15 00:00:00+00:00,7024.945119791178
2017-11-16 00:00:00+00:00,7453.887912532002
2017-11-17 00:00:00+00:00,7831.5032667164305
2017-11-18 00:00:00+00:00,7693.879054269712
2017-11-19 00:00:00+00:00,7833.173672512849
2017-11-20 00:00:00+00:00,8119.8048423743185
2017-11-21 00:00:00+00:00,8175.807629626872
2017-11-22 00:00:00+00:00,8201.643092877774
2017-11-23 00:00:00+00:00,8180.03029995104
2017-11-24 00:00:00+00:00,8170.7565482990685
2017-11-25 00:00:00+00:00,8476.44220622763
2017-11-26 00:00:00+00:00,9067.277512136545
2017-11-27 00:00:00+00:00,9611.709659577373
2017-11-28 00:00:00+00:00,9851.05942320947
2017-11-29 00:00:00+00:00,10424.926070184692
2017-11-30 00:00:00+00:00,9893.968506139725
2017-12-01 00:00:00+00:00,10176.440186895954
2017-12-02 00:00:00+00:00,10940.084174157444
2017-12-03 00:00:00+00:00,11292.486189486584
2017-12-04 00:00:00+00:00,11351.388614565432
2017-12-05 00:00:00+00:00,11678.667578795288
2017-12-06 00:00:00+00:00,12612.293755093257
2017-12-07 00:00:00+00:00,15061.8528269901
2017-12-08 00:00:00+00:00,15789.033157664868
2017-12-09 00:00:00+00:00,15074.325560340005
2017-12-10 00:00:00+00:00,14386.523873721311
2017-12-11 00:00:00+00:00,16480.59357587528
2017-12-12 00:00:00+00:00,16958.01902813076
2017-12-13 00:00:00+00:00,16753.9894374111
2017-12-14 00:00:00+00:00,16479.63552544032
2017-12-15 00:00:00+00:00,17479.844537673227
2017-12-16 00:00:00+00:00,18292.98484890044
2017-12-17 00:00:00+00:00,19339.922658004096
2017-12-18 00:00:00+00:00,18737.027443144572
2017-12-19 00:00:00+00:00,18252.33688841645
2017-12-20 00:00:00+00:00,16752.936421255985
2017-12-21 00:00:00+00:00,16209.848632666788
2017-12-22 00:00:00+00:00,13631.187521299453
2017-12-23 00:00:00+00:00,14605.111561991516
2017-12-24 00:00:00+00:00,13389.833424657283
2017-12-25 00:00:00+00:00,13788.7687682697
2017-12-26 00:00:00+00:00,15180.236197473761
2017-12-27 00:00:00+00:00,15628.965086432636
2017-12-28 00:00:00+00:00,14212.634601821514
2017-12-29 00:00:00+00:00,14525.356023674116
2017-12-30 00:00:00+00:00,13182.294237362796
2017-12-31 00:00:00+00:00,13319.087071269923
2018-01-01 00:00:00+00:00,13430.40268147549
2018-01-02 00:00:00+00:00,13882.59335200004
2018-01-03 00:00:00+00:00,14975.781052257262
2018-01-04 00:00:00+00:00,14832.974820124227
2018-01-05 00:00:00+00:00,15836.264466754845
2018-01-06 00:00:00+00:00,16738.36359669583
2018-01-07 00:00:00+00:00,16603.051798718647
2018-01-08 00:00:00+00:00,15330.401087654407
2018-01-09 00:00:00+00:00,14931.92010826722
2018-01-10 00:00:00+00:00,14234.745238732488
2018-01-11 00:00:00+00:00,13805.605756453231
2018-01-12 00:00:00+00:00,13722.798845253603
2018-01-13 00:00:00+00:00,14271.52667916044
2018-01-14 00:00:00+00:00,13722.65650016585
2018-01-15 00:00:00+00:00,13847.80021975883
2018-01-16 00:00:00+00:00,12124.776422747063
2018-01-17 00:00:00+00:00,10617.486305044064
2018-01-18 00:00:00+00:00,11428.04174598482
2018-01-19 00:00:00+00:00,11461.77140845662
2018-01-20 00:00:00+00:00,12476.288757008811
2018-01-21 00:00:00+00:00,11899.635721231574
2018-01-22 00:00:00+00:00,11132.437380574025
2018-01-23 00:00:00+00:00,10727.199137060517
2018-01-24 00:00:00+00:00,11019.005732035572
2018-01-25 00:00:00+00:00,11314.07479566962
2018-01-26 00:00:00+00:00,11025.686370715244
2018-01-27 00:00:00+00:00,11268.5250628784
2018-01-28 00:00:00+00:00,11676.350730297763
2018-01-29 00:00:00+00:00,11316.22238298106
2018-01-30 00:00:00+00:00,10697.044560038483
2018-01-31 00:00:00+00:00,10056.436002710536
2018-02-01 00:00:00+00:00,9583.590308699693
2018-02-02 00:00:00+00:00,8631.446644695903
2018-02-03 00:00:00+00:00,8949.409524817782
2018-02-04 00:00:00+00:00,8762.662006213066
2018-02-05 00:00:00+00:00,7646.555922369345
2018-02-06 00:00:00+00:00,6832.493646387834
2018-02-07 00:00:00+00:00,7899.566308880422
2018-02-08 00:00:00+00:00,8228.819616478013
2018-02-09 00:00:00+00:00,8271.787239014757
2018-02-10 00:00:00+00:00,8652.133925294762
2018-02-11 00:00:00+00:00,8210.811218422705
2018-02-12 00:00:00+00:00,8637.55197038025
2018-02-13 00:00:00+00:00,8623.195575346981
2018-02-14 00:00:00+00:00,9025.878409336285
2018-02-15 00:00:00+00:00,9799.374787666287
2018-02-16 00:00:00+00:00,10021.846321224519
2018-02-17 00:00:00+00:00,10680.055398965707
2018-02-18 00:00:00+00:00,10716.05955325954
2018-02-19 00:00:00+00:00,10865.825674179105
2018-02-20 00:00:00+00:00,11504.345472850197
2018-02-21 00:00:00+00:00,10788.7856253334
2018-02-22 00:00:00+00:00,10272.250979151382
2018-02-23 00:00:00+00:00,10009.504798470069
2018-02-24 00:00:00+00:00,9924.51024860052
2018-02-25 00:00:00+00:00,9602.28546071944
2018-02-26 00:00:00+00:00,9908.168019298271
2018-02-27 00:00:00+00:00,10555.19923755976
2018-02-28 00:00:00+00:00,10625.22779596685
2018-03-01 00:00:00+00:00,10655.653630279303
2018-03-02 00:00:00+00:00,10988.23593517538
2018-03-03 00:00:00+00:00,11354.787520886675
2018-03-04 00:00:00+00:00,11256.234348047004
2018-03-05 00:00:00+00:00,11520.588143447108
2018-03-06 00:00:00+00:00,11026.664991777532
2018-03-07 00:00:00+00:00,10407.041672081335
2018-03-08 00:00:00+00:00,9710.604934130637
2018-03-09 00:00:00+00:00,8902.857757767682
2018-03-10 00:00:00+00:00,9242.534921776745
2018-03-11 00:00:00+00:00,9059.084900625809
2018-03-12 00:00:00+00:00,9445.728593421103
2018-03-13 00:00:00+00:00,9162.940622553184
2018-03-14 00:00:00+00:00,8770.179393813798
2018-03-15 00:00:00+00:00,8109.763909169609
2018-03-16 00:00:00+00:00,8317.461761520002
2018-03-17 00:00:00+00:00,8081.778138464784
2018-03-18 00:00:00+00:00,7675.353006286699
2018-03-19 00:00:00+00:00,8350.208125352898
2018-03-20 00:00:00+00:00,8623.205436746153
2018-03-21 00:00:00+00:00,8990.247344472726
2018-03-22 00:00:00+00:00,8792.839178706707
2018-03-23 00:00:00+00:00,8538.603664982129
2018-03-24 00:00:00+00:00,8863.320343293042
2018-03-25 00:00:00+00:00,8548.695244407558
2018-03-26 00:00:00+00:00,8222.114580441652
2018-03-27 00:00:00+00:00,7978.072009264541
2018-03-28 00:00:00+00:00,7935.047111127195
2018-03-29 00:00:00+00:00,7530.999470495998
2018-03-30 00:00:00+00:00,6898.48298273197
2018-03-31 00:00:00+00:00,7022.392475828512
2018-04-01 00:00:00+00:00,6821.618367299809
2018-04-02 00:00:00+00:00,6998.512731412581
2018-04-03 00:00:00+00:00,7342.967696409203
2018-04-04 00:00:00+00:00,7100.882730731289
2018-04-05 00:00:00+00:00,6775.831272576529
2018-04-06 00:00:00+00:00,6667.745000442899
2018-04-07 00:00:00+00:00,6909.637230525805
2018-04-08 00:00:00+00:00,7017.661712197945
2018-04-09 00:00:00+00:00,6916.076249265817
2018-04-10 00:00:00+00:00,6797.674597014594
2018-04-11 00:00:00+00:00,6913.947818866816
2018-04-12 00:00:00+00:00,7349.325002709012
2018-04-13 00:00:00+00:00,8007.82583119589
2018-04-14 00:00:00+00:00,8024.701228200966
2018-04-15 00:00:00+00:00,8247.067411768825
2018-04-16 00:00:00+00:00,8102.382784916617
2018-04-17 00:00:00+00:00,8072.689679088268
2018-04-18 00:00:00+00:00,8084.979729438471
2018-04-19 00:00:00+00:00,8242.612122547904
2018-04-20 00:00:00+00:00,8472.047545323272
2018-04-21 00:00:00+00:00,8819.893991369878
2018-04-22 00:00:00+00:00,8914.163072985399
2018-04-23 00:00:00+00:00,8919.297746854209
2018-04-24 00:00:00+00:00,9561.079968507356
2018-04-25 00:00:00+00:00,9333.21758608206
2018-04-27 00:00:00+00:00,9160.550220089011
2018-04-28 00:00:00+00:00,9263.900050314542
2018-04-29 00:00:00+00:00,9372.756682693704
2018-04-30 00:00:00+00:00,9309.76655213838
2018-05-01 00:00:00+00:00,9020.031502353306
2018-05-02 00:00:00+00:00,9130.857435818732
2018-05-03 00:00:00+00:00,9372.897465102273
2018-05-04 00:00:00+00:00,9650.605136876286
2018-05-05 00:00:00+00:00,9765.684728266608
2018-05-06 00:00:00+00:00,9563.237952195128
2018-05-07 00:00:00+00:00,9312.489513143028
2018-05-08 00:00:00+00:00,9262.514988267792
2018-05-09 00:00:00+00:00,9206.15109742963
2018-05-10 00:00:00+00:00,9277.009394294131
2018-05-11 00:00:00+00:00,8722.444791086244
2018-05-12 00:00:00+00:00,8449.583642395215
2018-05-13 00:00:00+00:00,8587.897731736224
2018-05-14 00:00:00+00:00,8596.403265570714
2018-05-15 00:00:00+00:00,8659.701131261862
2018-05-16 00:00:00+00:00,8295.402395617972
2018-05-17 00:00:00+00:00,8297.258796346274
2018-05-18 00:00:00+00:00,8114.17205610973
2018-05-19 00:00:00+00:00,8277.994014784903
2018-05-20 00:00:00+00:00,8387.250911049725
2018-05-21 00:00:00+00:00,8473.411106562067
2018-05-22 00:00:00+00:00,8266.066543358007
2018-05-23 00:00:00+00:00,7839.023740284661
2018-05-24 00:00:00+00:00,7583.110707133642
2018-05-25 00:00:00+00:00,7525.954303365073
2018-05-26 00:00:00+00:00,7531.185241008659
2018-05-27 00:00:00+00:00,7366.577873833683
2018-05-28 00:00:00+00:00,7317.697843748534
2018-05-29 00:00:00+00:00,7327.520512641799
2018-05-30 00:00:00+00:00,7449.7914443511345
2018-05-31 00:00:00+00:00,7502.647622792793
2018-06-01 00:00:00+00:00,7491.148426608085
2018-06-02 00:00:00+00:00,7575.9303946448
2018-06-03 00:00:00+00:00,7639.7031219391265
2018-06-04 00:00:00+00:00,7582.793468130435
2018-06-05 00:00:00+00:00,7491.301456149944
2018-06-06 00:00:00+00:00,7572.915124080475
2018-06-07 00:00:00+00:00,7675.774130524619
2018-06-08 00:00:00+00:00,7610.102317313411
2018-06-09 00:00:00+00:00,7658.537371078208
2018-06-10 00:00:00+00:00,7192.450388539446
2018-06-11 00:00:00+00:00,6781.821902561505
2018-06-12 00:00:00+00:00,6788.082937677246
2018-06-13 00:00:00+00:00,6474.8240496054395
2018-06-14 00:00:00+00:00,6505.476188107106
2018-06-15 00:00:00+00:00,6568.150558095138
2018-06-16 00:00:00+00:00,6493.521870975762
2018-06-17 00:00:00+00:00,6543.93924511072
2018-06-18 00:00:00+00:00,6540.403377578677
2018-06-19 00:00:00+00:00,6732.82048939119
2018-06-20 00:00:00+00:00,6694.05269177128
2018-06-21 00:00:00+00:00,6742.661081785828
2018-06-22 00:00:00+00:00,6379.083285809077
2018-06-23 00:00:00+00:00,6166.683152239077
2018-06-24 00:00:00+00:00,6047.794967273333
2018-06-25 00:00:00+00:00,6222.702635120136
2018-06-26 00:00:00+00:00,6225.014660693037
2018-06-27 00:00:00+00:00,6128.227662484785
2018-06-28 00:00:00+00:00,6107.607644625774
2018-06-29 00:00:00+00:00,5928.05340594588
2018-06-30 00:00:00+00:00,6379.976187279801
2018-07-01 00:00:00+00:00,6379.399763599335
2018-07-02 00:00:00+00:00,6466.313562276229
2018-07-03 00:00:00+00:00,6601.072497127952
2018-07-04 00:00:00+00:00,6581.009263026757
2018-07-05 00:00:00+00:00,6629.136292717177
2018-07-06 00:00:00+00:00,6549.111245080633
2018-07-07 00:00:00+00:00,6655.910897248868
2018-07-08 00:00:00+00:00,6818.20816722258
2018-07-09 00:00:00+00:00,6741.776482204409
2018-07-10 00:00:00+00:00,6525.509363818509
2018-07-11 00:00:00+00:00,6585.481499513991
2018-07-12 00:00:00+00:00,6489.048427370842
2018-07-13 00:00:00+00:00,6291.014699884455
2018-07-14 00:00:00+00:00,6252.120888248813
2018-07-15 00:00:00+00:00,6340.186864949254
2018-07-16 00:00:00+00:00,6530.573678883189
2018-07-17 00:00:00+00:00,6884.548239800392
2018-07-18 00:00:00+00:00,7409.997971590594
2018-07-19 00:00:00+00:00,7395.370198681367
2018-07-20 00:00:00+00:00,7425.974614829139
2018-07-21 00:00:00+00:00,7346.604910633519
2018-07-22 00:00:00+00:00,7446.368359513779
2018-07-23 00:00:00+00:00,7672.279546890193
2018-07-24 00:00:00+00:00,8058.321733908822
2018-07-25 00:00:00+00:00,8232.68448341132
2018-07-26 00:00:00+00:00,8171.369057562049
2018-07-27 00:00:00+00:00,8004.308062594925
2018-07-28 00:00:00+00:00,8158.6671323110595
2018-07-29 00:00:00+00:00,8183.339401288516
2018-07-30 00:00:00+00:00,8121.808460114885
2018-07-31 00:00:00+00:00,7907.524256735059
2018-08-01 00:00:00+00:00,7564.278319926367
2018-08-02 00:00:00+00:00,7581.610610696672
2018-08-03 00:00:00+00:00,7389.689078201616
2018-08-04 00:00:00+00:00,7247.26226457604
2018-08-05 00:00:00+00:00,6987.211925194568
2018-08-06 00:00:00+00:00,6989.589403151733
2018-08-07 00:00:00+00:00,6982.215213209956
2018-08-08 00:00:00+00:00,6440.369700064282
2018-08-09 00:00:00+00:00,6393.926981204443
2018-08-10 00:00:00+00:00,6407.872880135327
2018-08-11 00:00:00+00:00,6207.163227328345
2018-08-12 00:00:00+00:00,6334.046180375077
2018-08-13 00:00:00+00:00,6360.19185816248
2018-08-14 00:00:00+00:00,6062.772713888488
2018-08-15 00:00:00+00:00,6375.507533073109
2018-08-16 00:00:00+00:00,6351.262504933893
2018-08-17 00:00:00+00:00,6480.061070769013
2018-08-18 00:00:00+00:00,6448.551298157058
2018-08-19 00:00:00+00:00,6423.520629478556
2018-08-20 00:00:00+00:00,6462.0570727417935
2018-08-21 00:00:00+00:00,6416.423238856116
2018-08-22 00:00:00+00:00,6584.155746994649
2018-08-23 00:00:00+00:00,6438.863761197206
2018-08-24 00:00:00+00:00,6555.703223340658
2018-08-25 00:00:00+00:00,6730.709190870753
2018-08-26 00:00:00+00:00,6691.886825601791
2018-08-27 00:00:00+00:00,6717.078787428086
2018-08-28 00:00:00+00:00,6975.346330901386
2018-08-29 00:00:00+00:00,7045.333848558009
2018-08-30 00:00:00+00:00,6938.189935028012
2018-08-31 00:00:00+00:00,6986.500026182472
2018-09-01 00:00:00+00:00,7107.01597092389
2018-09-02 00:00:00+00:00,7236.942268645627
2018-09-03 00:00:00+00:00,7252.2010220645025
2018-09-04 00:00:00+00:00,7318.583301814169
2018-09-05 00:00:00+00:00,7141.056589409388
2018-09-06 00:00:00+00:00,6478.995916529228
2018-09-07 00:00:00+00:00,6473.954898012191
2018-09-08 00:00:00+00:00,6399.187402066948
2018-09-09 00:00:00+00:00,6319.847759324226
2018-09-10 00:00:00+00:00,6317.584545680068
2018-09-11 00:00:00+00:00,6323.9485872653195
2018-09-12 00:00:00+00:00,6299.271392759765
2018-09-13 00:00:00+00:00,6458.954687909739
2018-09-14 00:00:00+00:00,6513.028126848305
2018-09-15 00:00:00+00:00,6528.6224041377045
2018-09-16 00:00:00+00:00,6495.400227974596
2018-09-17 00:00:00+00:00,6414.01045578905
2018-09-18 00:00:00+00:00,6310.010177335883
2018-09-19 00:00:00+00:00,6353.343305515572
2018-09-20 00:00:00+00:00,6418.325081760384
2018-09-21 00:00:00+00:00,6660.080498851398
2018-09-22 00:00:00+00:00,6707.250215473144
2018-09-23 00:00:00+00:00,6714.806688912578
2018-09-24 00:00:00+00:00,6646.495844123004
2018-09-25 00:00:00+00:00,6438.106969125163
2018-09-26 00:00:00+00:00,6485.489031797132
2018-09-27 00:00:00+00:00,6541.0337958258
2018-09-28 00:00:00+00:00,6676.763358128622
2018-09-29 00:00:00+00:00,6565.706543471312
2018-09-30 00:00:00+00:00,6603.832888474371
2018-10-01 00:00:00+00:00,6599.841628262764
2018-10-02 00:00:00+00:00,6569.173570271022
2018-10-03 00:00:00+00:00,6481.08434482199
2018-10-04 00:00:00+00:00,6567.208733643443
2018-10-05 00:00:00+00:00,6571.521879106182
2018-10-06 00:00:00+00:00,6584.651449857405
2018-10-07 00:00:00+00:00,6576.333445858893
2018-10-08 00:00:00+00:00,6622.020016141064
2018-10-09 00:00:00+00:00,6632.008922649133
2018-10-10 00:00:00+00:00,6562.694101842673
2018-10-11 00:00:00+00:00,6284.278714036279
2018-10-12 00:00:00+00:00,6283.478864692562
2018-10-13 00:00:00+00:00,6290.948546316519
2018-10-14 00:00:00+00:00,6304.61218522676
2018-10-15 00:00:00+00:00,6494.497608245712
2018-10-16 00:00:00+00:00,6522.837188640837
2018-10-17 00:00:00+00:00,6502.716072080256
2018-10-18 00:00:00+00:00,6483.804204965186
2018-10-19 00:00:00+00:00,6432.077402477861
2018-10-20 00:00:00+00:00,6441.818826320329
2018-10-21 00:00:00+00:00,6482.16582055565
2018-10-22 00:00:00+00:00,6432.995661816892
2018-10-23 00:00:00+00:00,6421.341201129773
2018-10-24 00:00:00+00:00,6446.553335046862
2018-10-25 00:00:00+00:00,6419.549046091986
2018-10-26 00:00:00+00:00,6416.530549350466
2018-10-27 00:00:00+00:00,6426.695663030608
2018-10-28 00:00:00+00:00,6424.734330456532
2018-10-29 00:00:00+00:00,6348.579708544307
2018-10-30 00:00:00+00:00,6288.293597203122
2018-10-31 00:00:00+00:00,6293.303228313845
2018-11-01 00:00:00+00:00,6326.31600376328
2018-11-02 00:00:00+00:00,6376.527627483234
2018-11-03 00:00:00+00:00,6354.299449891521
2018-11-04 00:00:00+00:00,6382.8929303781
2018-11-05 00:00:00+00:00,6417.580963243496
2018-11-06 00:00:00+00:00,6422.762475068345
2018-11-07 00:00:00+00:00,6515.745090293304
2018-11-08 00:00:00+00:00,6466.964449678837
2018-11-09 00:00:00+00:00,6388.853468090765
2018-11-10 00:00:00+00:00,6376.68501191686
2018-11-11 00:00:00+00:00,6362.027205861222
2018-11-12 00:00:00+00:00,6367.358206229415
2018-11-13 00:00:00+00:00,6321.482237209531
2018-11-14 00:00:00+00:00,6079.868987609916
2018-11-15 00:00:00+00:00,5549.775831621538
2018-11-16 00:00:00+00:00,5562.991676265257
2018-11-17 00:00:00+00:00,5524.559650152544
2018-11-18 00:00:00+00:00,5571.778944680709
2018-11-19 00:00:00+00:00,5241.450424774917
2018-11-20 00:00:00+00:00,4574.05728974043
2018-11-21 00:00:00+00:00,4482.639072351229
2018-11-22 00:00:00+00:00,4493.798149872111
2018-11-23 00:00:00+00:00,4277.710636304545
2018-11-24 00:00:00+00:00,4241.077300074409
2018-11-25 00:00:00+00:00,3785.677218184999
2018-11-26 00:00:00+00:00,3883.5320500429793
2018-11-27 00:00:00+00:00,3731.7741538192495
2018-11-28 00:00:00+00:00,4084.85582547782
2018-11-29 00:00:00+00:00,4252.694651410396
2018-11-30 00:00:00+00:00,4115.1322465873445
2018-12-01 00:00:00+00:00,4121.518633855048
2018-12-02 00:00:00+00:00,4168.658506885791
2018-12-03 00:00:00+00:00,3976.446632521409
2018-12-04 00:00:00+00:00,3948.7146445471913
2018-12-05 00:00:00+00:00,3850.362441234988
2018-12-06 00:00:00+00:00,3743.156480465672
2018-12-07 00:00:00+00:00,3401.883539975359
2018-12-08 00:00:00+00:00,3423.8151341521766
2018-12-09 00:00:00+00:00,3534.8291466669466
2018-12-10 00:00:00+00:00,3537.036639950708
2018-12-11 00:00:00+00:00,3435.531240781864
2018-12-12 00:00:00+00:00,3453.5157447467423
2018-12-13 00:00:00+00:00,3413.27505662012
2018-12-14 00:00:00+00:00,3282.4190485515837
2018-12-15 00:00:00+00:00,3239.227422289673
2018-12-16 00:00:00+00:00,3281.6769631817956
2018-12-17 00:00:00+00:00,3399.8989358404388
2018-12-18 00:00:00+00:00,3558.5204761754176
2018-12-19 00:00:00+00:00,3799.2865495515503
2018-12-20 00:00:00+00:00,3973.938063372603
2018-12-21 00:00:00+00:00,4021.9560261857087
2018-12-22 00:00:00+00:00,3913.803102176797
2018-12-23 00:00:00+00:00,4044.057876040909
2018-12-24 00:00:00+00:00,4182.810639739936
2018-12-25 00:00:00+00:00,3836.407803608316
2018-12-26 00:00:00+00:00,3842.196034565064
2018-12-27 00:00:00+00:00,3778.2370158246913
2018-12-28 00:00:00+00:00,3758.12084131666
2018-12-29 00:00:00+00:00,3926.4178517560754
2018-12-30 00:00:00+00:00,3848.788746676944
2018-12-31 00:00:00+00:00,3818.5387335025966
2019-01-01 00:00:00+00:00,3770.224396329741
2019-01-02 00:00:00+00:00,3894.423367289939
2019-01-03 00:00:00+00:00,3874.4132460382793
2019-01-04 00:00:00+00:00,3838.0316557789592
2019-01-05 00:00:00+00:00,3889.78282382894
2019-01-06 00:00:00+00:00,3937.1202957448936
2019-01-07 00:00:00+00:00,4062.834930249975
2019-01-08 00:00:00+00:00,4045.432998632985
2019-01-09 00:00:00+00:00,4041.014915677296
2019-01-10 00:00:00+00:00,3833.9358039185513
2019-01-11 00:00:00+00:00,3669.1568633940033
2019-01-12 00:00:00+00:00,3657.688537322349
2019-01-13 00:00:00+00:00,3624.3223617111
2019-01-14 00:00:00+00:00,3608.577812947799
2019-01-15 00:00:00+00:00,3661.6545553982
2019-01-16 00:00:00+00:00,3632.1299168921832
2019-01-17 00:00:00+00:00,3626.8317398304966
2019-01-18 00:00:00+00:00,3638.7542173110705
2019-01-19 00:00:00+00:00,3703.3825879264655
2019-01-20 00:00:00+00:00,3641.8453712579353
2019-01-21 00:00:00+00:00,3566.542205873391
2019-01-22 00:00:00+00:00,3580.511618695989
2019-01-23 00:00:00+00:00,3601.3298842477802
2019-01-24 00:00:00+00:00,3585.7419001287917
2019-01-25 00:00:00+00:00,3594.8870826743787
2019-01-26 00:00:00+00:00,3613.1399236543143
2019-01-27 00:00:00+00:00,3590.774711124475
2019-01-28 00:00:00+00:00,3476.0723846452406
2019-01-29 00:00:00+00:00,3426.6453709423704
2019-01-30 00:00:00+00:00,3458.6495584382164
2019-01-31 00:00:00+00:00,3462.7295427985478
2019-02-01 00:00:00+00:00,3455.224222089718
2019-02-02 00:00:00+00:00,3477.036962904954
2019-02-03 00:00:00+00:00,3476.106020794804
2019-02-04 00:00:00+00:00,3457.9623988848402
2019-02-05 00:00:00+00:00,3459.19581951354
2019-02-06 00:00:00+00:00,3401.5059448205457
2019-02-07 00:00:00+00:00,3401.0455879723386
2019-02-08 00:00:00+00:00,3489.139623961401
2019-02-09 00:00:00+00:00,3646.256660290602
2019-02-10 00:00:00+00:00,3644.287637678336
2019-02-11 00:00:00+00:00,3636.174495167572
2019-02-12 00:00:00+00:00,3612.7996739333935
2019-02-13 00:00:00+00:00,3622.680642880896
2019-02-14 00:00:00+00:00,3601.399377916656
2019-02-15 00:00:00+00:00,3594.249615709036
2019-02-16 00:00:00+00:00,3619.8836136181785
2019-02-17 00:00:00+00:00,3629.680190813861
2019-02-18 00:00:00+00:00,3790.501783623199
2019-02-19 00:00:00+00:00,3933.0527414547446
2019-02-20 00:00:00+00:00,3947.662820287933
2019-02-21 00:00:00+00:00,3948.13542685063
2019-02-22 00:00:00+00:00,3969.5719807353817
2019-02-23 00:00:00+00:00,4012.321427038048
2019-02-24 00:00:00+00:00,4020.6218111388016
2019-02-25 00:00:00+00:00,3829.2206340844
2019-02-26 00:00:00+00:00,3836.714399923837
2019-02-27 00:00:00+00:00,3841.73877375456
2019-02-28 00:00:00+00:00,3853.393180720204
2019-03-01 00:00:00+00:00,3850.860421494837
2019-03-02 00:00:00+00:00,3852.6531885517265
2019-03-03 00:00:00+00:00,3846.5067859342334
2019-03-04 00:00:00+00:00,3770.0752855877167
2019-03-05 00:00:00+00:00,3805.565394773448
2019-03-06 00:00:00+00:00,3870.4140911488375
2019-03-07 00:00:00+00:00,3897.5346250987736
2019-03-08 00:00:00+00:00,3911.765508763058
2019-03-09 00:00:00+00:00,3936.896605641852
2019-03-10 00:00:00+00:00,3931.606473966276
2019-03-11 00:00:00+00:00,3913.707816577088
2019-03-12 00:00:00+00:00,3894.657314918655
2019-03-13 00:00:00+00:00,3893.714850621408
2019-03-14 00:00:00+00:00,3880.449393494539
2019-03-15 00:00:00+00:00,3914.3759979426377
2019-03-16 00:00:00+00:00,4014.4270744804376
2019-03-17 00:00:00+00:00,3996.521287969423
2019-03-18 00:00:00+00:00,4004.9245848501114
2019-03-19 00:00:00+00:00,4017.468804628871
2019-03-20 00:00:00+00:00,4044.025367798223
2019-03-21 00:00:00+00:00,4038.459688823421
2019-03-22 00:00:00+00:00,4002.0268150853262
2019-03-23 00:00:00+00:00,4011.819287878797
2019-03-24 00:00:00+00:00,4007.291904354267
2019-03-25 00:00:00+00:00,3994.66663356784
2019-03-26 00:00:00+00:00,3956.203166429091
2019-03-27 00:00:00+00:00,4026.5637027038447
2019-03-28 00:00:00+00:00,4038.822471444116
2019-03-29 00:00:00+00:00,4081.1131181659903
2019-03-30 00:00:00+00:00,4114.443099369494
2019-03-31 00:00:00+00:00,4124.307973543377
2019-04-01 00:00:00+00:00,4152.100973114063
2019-04-02 00:00:00+00:00,4661.173455880428
2019-04-03 00:00:00+00:00,5040.779007286378
2019-04-04 00:00:00+00:00,4980.1097969718285
2019-04-05 00:00:00+00:00,4991.246930687216
2019-04-06 00:00:00+00:00,5059.787616963337
2019-04-07 00:00:00+00:00,5152.876137220397
2019-04-08 00:00:00+00:00,5249.110883619931
2019-04-09 00:00:00+00:00,5222.484113699336
2019-04-10 00:00:00+00:00,5274.772929768407
2019-04-11 00:00:00+00:00,5136.807755553151
2019-04-12 00:00:00+00:00,5054.303631643236
2019-04-13 00:00:00+00:00,5092.801509959305
2019-04-14 00:00:00+00:00,5097.393619816194
2019-04-15 00:00:00+00:00,5137.569096991186
2019-04-16 00:00:00+00:00,5112.374878326171
2019-04-17 00:00:00+00:00,5230.419044263407
2019-04-18 00:00:00+00:00,5275.77270819026
2019-04-19 00:00:00+00:00,5277.442967001903
2019-04-20 00:00:00+00:00,5326.331927981008
2019-04-21 00:00:00+00:00,5302.134815901576
2019-04-22 00:00:00+00:00,5330.2213192529925
2019-04-23 00:00:00+00:00,5546.449124257719
2019-04-24 00:00:00+00:00,5498.144355665567
2019-04-25 00:00:00+00:00,5434.793585539944
2019-04-26 00:00:00+00:00,5245.019676125047
2019-04-27 00:00:00+00:00,5267.85880843621
2019-04-28 00:00:00+00:00,5280.789037463192
2019-04-29 00:00:00+00:00,5184.371903846318
2019-04-30 00:00:00+00:00,5222.738413051429
2019-05-01 00:00:00+00:00,5318.015651323583
2019-05-02 00:00:00+00:00,5381.943167624347
2019-05-03 00:00:00+00:00,5635.648502466745
2019-05-04 00:00:00+00:00,5708.2933732399415
2019-05-05 00:00:00+00:00,5738.591092984092
2019-05-06 00:00:00+00:00,5672.04626857306
2019-05-07 00:00:00+00:00,5869.5386271841435
2019-05-08 00:00:00+00:00,5859.740178726821
2019-05-09 00:00:00+00:00,6059.328038564227
2019-05-10 00:00:00+00:00,6303.622641181454
2019-05-11 00:00:00+00:00,6812.938848985497
2019-05-12 00:00:00+00:00,7156.611436759466
2019-05-13 00:00:00+00:00,7396.3179799092995
2019-05-14 00:00:00+00:00,7987.750349178088
2019-05-15 00:00:00+00:00,8041.582156295817
2019-05-16 00:00:00+00:00,7995.422310842221
2019-05-17 00:00:00+00:00,7279.18282372327
2019-05-18 00:00:00+00:00,7340.736728148056
2019-05-19 00:00:00+00:00,7920.335195807345
2019-05-20 00:00:00+00:00,7905.976715393282
2019-05-21 00:00:00+00:00,7949.588217226954
2019-05-22 00:00:00+00:00,7894.760818404042
2019-05-23 00:00:00+00:00,7714.704929373773
2019-05-24 00:00:00+00:00,7981.222035725299
2019-05-25 00:00:00+00:00,8039.732778820442
2019-05-26 00:00:00+00:00,8123.844354420104
2019-05-27 00:00:00+00:00,8768.918312387805
2019-05-28 00:00:00+00:00,8716.23908359951
2019-05-29 00:00:00+00:00,8647.925639300893
2019-05-30 00:00:00+00:00,8644.955236680615
2019-05-31 00:00:00+00:00,8374.436108906202
2019-06-01 00:00:00+00:00,8564.01804492987
2019-06-02 00:00:00+00:00,8686.782596064877
2019-06-03 00:00:00+00:00,8561.539129614135
2019-06-04 00:00:00+00:00,7891.0746753499825
2019-06-05 00:00:00+00:00,7810.739123723712
2019-06-06 00:00:00+00:00,7792.615924933075
2019-06-07 00:00:00+00:00,7969.93926673169
2019-06-08 00:00:00+00:00,7978.43593347592
2019-06-09 00:00:00+00:00,7842.330377698382
2019-06-10 00:00:00+00:00,7846.386683602477
2019-06-11 00:00:00+00:00,7919.788848033399
2019-06-12 00:00:00+00:00,8048.191539214563
2019-06-13 00:00:00+00:00,8178.221079552203
2019-06-14 00:00:00+00:00,8367.099626699573
2019-06-15 00:00:00+00:00,8729.948168767914
2019-06-16 00:00:00+00:00,9082.819034101134
2019-06-17 00:00:00+00:00,9221.776402092766
2019-06-18 00:00:00+00:00,9159.395989338836
2019-06-19 00:00:00+00:00,9155.284338667836
2019-06-20 00:00:00+00:00,9361.076286706855
2019-06-21 00:00:00+00:00,9801.69988999278
2019-06-22 00:00:00+00:00,10719.684810214181
2019-06-23 00:00:00+00:00,10745.711611322098
2019-06-24 00:00:00+00:00,10844.724500595406
2019-06-25 00:00:00+00:00,11312.945428193774
2019-06-26 00:00:00+00:00,12669.31881576005
2019-06-27 00:00:00+00:00,11844.570554339425
2019-06-28 00:00:00+00:00,11722.694528648104
2019-06-29 00:00:00+00:00,11891.990260372662
2019-06-30 00:00:00+00:00,11585.47884231969
2019-07-01 00:00:00+00:00,10730.891150742136
2019-07-02 00:00:00+00:00,10331.634132671536
2019-07-03 00:00:00+00:00,11353.90993511479
2019-07-04 00:00:00+00:00,11769.507860282169
2019-07-05 00:00:00+00:00,11163.257902232082
2019-07-06 00:00:00+00:00,11423.505776416114
2019-07-07 00:00:00+00:00,11324.543043166552
2019-07-08 00:00:00+00:00,11787.709426323208
2019-07-09 00:00:00+00:00,12501.269581513214
2019-07-10 00:00:00+00:00,12649.314635945011
2019-07-11 00:00:00+00:00,11605.445235558522
2019-07-12 00:00:00+00:00,11603.685276328151
2019-07-13 00:00:00+00:00,11463.942479732576
2019-07-14 00:00:00+00:00,10895.859904297724
2019-07-15 00:00:00+00:00,10450.276242692304
2019-07-16 00:00:00+00:00,10384.730042653717
2019-07-17 00:00:00+00:00,9596.145832220847
2019-07-18 00:00:00+00:00,10067.804974783085
2019-07-19 00:00:00+00:00,10487.459261314556
2019-07-20 00:00:00+00:00,10689.065659289345
2019-07-21 00:00:00+00:00,10587.560835286424
2019-07-22 00:00:00+00:00,10468.206664114465
2019-07-23 00:00:00+00:00,10095.311343024516
2019-07-24 00:00:00+00:00,9727.516298723584
2019-07-25 00:00:00+00:00,10036.554129817696
2019-07-26 00:00:00+00:00,9793.534888437982
2019-07-27 00:00:00+00:00,9749.314948380095
2019-07-28 00:00:00+00:00,9532.72370426028
2019-07-29 00:00:00+00:00,9562.879194621664
2019-07-30 00:00:00+00:00,9567.001760742962
2019-07-31 00:00:00+00:00,9871.318772876743
2019-08-01 00:00:00+00:00,10090.491371426931
2019-08-02 00:00:00+00:00,10474.408971672316
2019-08-03 00:00:00+00:00,10776.49339541617
2019-08-04 00:00:00+00:00,10807.42248223712
2019-08-05 00:00:00+00:00,11660.731996026332
2019-08-06 00:00:00+00:00,11753.24963604866
2019-08-07 00:00:00+00:00,11702.803404685252
2019-08-08 00:00:00+00:00,11799.433556882555
2019-08-09 00:00:00+00:00,11819.45223119541
2019-08-10 00:00:00+00:00,11585.848444794545
2019-08-11 00:00:00+00:00,11377.166488249328
2019-08-12 00:00:00+00:00,11394.622513886992
2019-08-13 00:00:00+00:00,11146.3404441148
2019-08-14 00:00:00+00:00,10452.548169232046
2019-08-15 00:00:00+00:00,10040.354988483701
2019-08-16 00:00:00+00:00,10250.724687571104
2019-08-17 00:00:00+00:00,10326.400142038969
2019-08-18 00:00:00+00:00,10327.075550988571
2019-08-19 00:00:00+00:00,10627.344401450184
2019-08-20 00:00:00+00:00,10761.90399003912
2019-08-21 00:00:00+00:00,10213.451679685631
2019-08-22 00:00:00+00:00,10065.476950721044
2019-08-23 00:00:00+00:00,10274.18541541704
2019-08-24 00:00:00+00:00,10179.617345376208
2019-08-25 00:00:00+00:00,10128.763606334613
2019-08-26 00:00:00+00:00,10358.622038213001
2019-08-27 00:00:00+00:00,10199.592173430268
2019-08-28 00:00:00+00:00,10074.372415288672
2019-08-29 00:00:00+00:00,9546.702742883095
2019-08-30 00:00:00+00:00,9567.707492130517
2019-08-31 00:00:00+00:00,9625.948167536339
2019-09-01 00:00:00+00:00,9648.655026689667
2019-09-02 00:00:00+00:00,9947.678820701954
2019-09-03 00:00:00+00:00,10513.538671603133
2019-09-04 00:00:00+00:00,10563.462254586959
2019-09-05 00:00:00+00:00,10572.478908953935
2019-09-06 00:00:00+00:00,10664.362631543932
2019-09-07 00:00:00+00:00,10447.951914489107
2019-09-08 00:00:00+00:00,10496.821984524106
2019-09-09 00:00:00+00:00,10328.9537520134
2019-09-10 00:00:00+00:00,10254.566837646955
2019-09-11 00:00:00+00:00,10095.423318131268
2019-09-12 00:00:00+00:00,10248.4587735466
2019-09-13 00:00:00+00:00,10331.72789871664
2019-09-14 00:00:00+00:00,10363.775435943924
2019-09-15 00:00:00+00:00,10346.938601628308
2019-09-16 00:00:00+00:00,10282.426281082804
2019-09-17 00:00:00+00:00,10237.22886714004
2019-09-18 00:00:00+00:00,10215.501243015004
2019-09-19 00:00:00+00:00,10012.936416744373
2019-09-20 00:00:00+00:00,10197.796706978092
2019-09-21 00:00:00+00:00,10081.350056393516
2019-09-22 00:00:00+00:00,10034.917735423018
2019-09-23 00:00:00+00:00,9917.293363813253
2019-09-24 00:00:00+00:00,9459.978085896222
2019-09-25 00:00:00+00:00,8476.482624495393
2019-09-26 00:00:00+00:00,8285.401926311637
2019-09-27 00:00:00+00:00,8070.460181053565
2019-09-28 00:00:00+00:00,8189.139533688166
2019-09-29 00:00:00+00:00,8128.012661079882
2019-09-30 00:00:00+00:00,8115.63227079148
2019-10-01 00:00:00+00:00,8392.800208795406
2019-10-02 00:00:00+00:00,8302.361748128447
2019-10-03 00:00:00+00:00,8297.23212547014
2019-10-04 00:00:00+00:00,8193.967018071971
2019-10-05 00:00:00+00:00,8163.515663528323
2019-10-06 00:00:00+00:00,8054.514428841894
2019-10-07 00:00:00+00:00,8088.191908301288
2019-10-08 00:00:00+00:00,8234.997955948516
2019-10-09 00:00:00+00:00,8353.131863902978
2019-10-10 00:00:00+00:00,8564.149549017315
2019-10-11 00:00:00+00:00,8416.602056330265
2019-10-12 00:00:00+00:00,8365.923344859139
2019-10-13 00:00:00+00:00,8408.44600416053
2019-10-14 00:00:00+00:00,8332.15434963167
2019-10-15 00:00:00+00:00,8300.609839821582
2019-10-16 00:00:00+00:00,8106.316080717322
2019-10-17 00:00:00+00:00,8070.069209506441
2019-10-18 00:00:00+00:00,8010.894997449909
2019-10-19 00:00:00+00:00,8018.966853598269
2019-10-20 00:00:00+00:00,8098.559475450151
2019-10-21 00:00:00+00:00,8304.435472803902
2019-10-22 00:00:00+00:00,8240.514121100026
2019-10-23 00:00:00+00:00,7801.496256314294
2019-10-24 00:00:00+00:00,7502.135114768836
2019-10-25 00:00:00+00:00,7929.962115788067
2019-10-26 00:00:00+00:00,9311.115777524268
2019-10-27 00:00:00+00:00,9404.283942255972
2019-10-28 00:00:00+00:00,9474.390887337384
2019-10-29 00:00:00+00:00,9383.761476999152
2019-10-30 00:00:00+00:00,9201.53073302005
2019-10-31 00:00:00+00:00,9186.221606661087
2019-11-01 00:00:00+00:00,9167.583805001661
2019-11-02 00:00:00+00:00,9290.858646942417
2019-11-03 00:00:00+00:00,9242.273072475113
2019-11-04 00:00:00+00:00,9276.917737715912
2019-11-05 00:00:00+00:00,9348.064222691615
2019-11-06 00:00:00+00:00,9342.866744845114
2019-11-07 00:00:00+00:00,9253.941304014881
2019-11-08 00:00:00+00:00,9002.457957925028
2019-11-09 00:00:00+00:00,8842.524500187452
2019-11-10 00:00:00+00:00,8947.254839895182
2019-11-11 00:00:00+00:00,8857.039968162338
2019-11-12 00:00:00+00:00,8779.060059271922
2019-11-13 00:00:00+00:00,8779.853235404335
2019-11-14 00:00:00+00:00,8685.979493156337
2019-11-15 00:00:00+00:00,8577.473421661003
2019-11-16 00:00:00+00:00,8531.344566446265
2019-11-17 00:00:00+00:00,8611.039186129716
2019-11-18 00:00:00+00:00,8433.19037355479
2019-11-19 00:00:00+00:00,8150.158916377779
2019-11-20 00:00:00+00:00,8143.735161550142
2019-11-21 00:00:00+00:00,7894.118327194242
2019-11-22 00:00:00+00:00,7369.010938704639
2019-11-23 00:00:00+00:00,7247.875787813814
2019-11-24 00:00:00+00:00,7152.972171115884
2019-11-25 00:00:00+00:00,6971.974410761941
2019-11-26 00:00:00+00:00,7177.741004489126
2019-11-27 00:00:00+00:00,7282.987317789433
2019-11-28 00:00:00+00:00,7550.16373081288
2019-11-29 00:00:00+00:00,7649.440797724556
2019-11-30 00:00:00+00:00,7708.251463989478
2019-12-01 00:00:00+00:00,7432.359372673117
2019-12-02 00:00:00+00:00,7383.748126948471
2019-12-03 00:00:00+00:00,7363.94935483959
2019-12-04 00:00:00+00:00,7316.40534178505
2019-12-05 00:00:00+00:00,7354.3532009333885
2019-12-06 00:00:00+00:00,7423.775160761099
2019-12-07 00:00:00+00:00,7571.786432106467
2019-12-08 00:00:00+00:00,7565.038964369533
2019-12-09 00:00:00+00:00,7509.2434218254975
2019-12-10 00:00:00+00:00,7328.68014395089
2019-12-11 00:00:00+00:00,7235.061510174905
2019-12-12 00:00:00+00:00,7199.648100819005
2019-12-13 00:00:00+00:00,7269.166530543667
2019-12-14 00:00:00+00:00,7235.934224899891
2019-12-15 00:00:00+00:00,7186.723613491896
2019-12-16 00:00:00+00:00,7092.827463709777
2019-12-17 00:00:00+00:00,6800.0337187017085
2019-12-18 00:00:00+00:00,6775.6314370453965
2019-12-19 00:00:00+00:00,7170.189614703189
2019-12-20 00:00:00+00:00,7186.205901317887
2019-12-21 00:00:00+00:00,7194.434798762663
2019-12-22 00:00:00+00:00,7300.194908775792
2019-12-23 00:00:00+00:00,7563.528496548305
2019-12-24 00:00:00+00:00,7330.843939536818
2019-12-25 00:00:00+00:00,7267.980059066073
2019-12-26 00:00:00+00:00,7249.978113884014
2019-12-27 00:00:00+00:00,7205.2711502210595
2019-12-28 00:00:00+00:00,7324.755295667389
2019-12-29 00:00:00+00:00,7398.532478962518
2019-12-30 00:00:00+00:00,7341.675103662562
2019-12-31 00:00:00+00:00,7247.546192150778
2020-01-01 00:00:00+00:00,7273.890428118544
2020-01-02 00:00:00+00:00,7181.516677442592
2020-01-03 00:00:00+00:00,7244.751170258846
2020-01-04 00:00:00+00:00,7369.676873063843
2020-01-05 00:00:00+00:00,7487.734947301904
2020-01-06 00:00:00+00:00,7586.342952466254
2020-01-07 00:00:00+00:00,7953.735932688035
2020-01-08 00:00:00+00:00,8251.787800920361
2020-01-09 00:00:00+00:00,7923.192760761524
2020-01-10 00:00:00+00:00,7921.938411931682
2020-01-11 00:00:00+00:00,8152.472122586218
2020-01-12 00:00:00+00:00,8172.983424432974
2020-01-13 00:00:00+00:00,8154.991284086333
2020-01-14 00:00:00+00:00,8586.86471358616
2020-01-15 00:00:00+00:00,8754.092339754834
2020-01-16 00:00:00+00:00,8689.345923190926
2020-01-17 00:00:00+00:00,8860.133952371918
2020-01-18 00:00:00+00:00,8905.125648779494
2020-01-19 00:00:00+00:00,8869.728558450057
2020-01-20 00:00:00+00:00,8676.368594381674
2020-01-21 00:00:00+00:00,8681.751493614269
2020-01-22 00:00:00+00:00,8698.893253538141
2020-01-23 00:00:00+00:00,8470.551425502797
2020-01-24 00:00:00+00:00,8409.165959320428
2020-01-25 00:00:00+00:00,8358.814517940758
2020-01-26 00:00:00+00:00,8479.486078207143
2020-01-27 00:00:00+00:00,8745.62143002531
2020-01-28 00:00:00+00:00,9046.3901362078
2020-01-29 00:00:00+00:00,9335.419831835146
2020-01-30 00:00:00+00:00,9370.014977058969
2020-01-31 00:00:00+00:00,9344.5976355375
2020-02-01 00:00:00+00:00,9374.92836862982
2020-02-02 00:00:00+00:00,9378.064986352416
2020-02-03 00:00:00+00:00,9335.548171362956
2020-02-04 00:00:00+00:00,9213.026563526386
2020-02-05 00:00:00+00:00,9400.096961495217
2020-02-06 00:00:00+00:00,9687.113950073408
2020-02-07 00:00:00+00:00,9774.588371465235
2020-02-08 00:00:00+00:00,9804.968377515714
2020-02-09 00:00:00+00:00,10072.629175372784
2020-02-10 00:00:00+00:00,9920.042835522449
2020-02-11 00:00:00+00:00,9950.236880135075
2020-02-12 00:00:00+00:00,10337.994984374373
2020-02-13 00:00:00+00:00,10287.796436546689
2020-02-14 00:00:00+00:00,10257.633361919352
2020-02-15 00:00:00+00:00,10144.779023504643
2020-02-16 00:00:00+00:00,9907.720953399345
2020-02-17 00:00:00+00:00,9724.431842080494
2020-02-18 00:00:00+00:00,9843.956793553534
2020-02-19 00:00:00+00:00,10101.4836147376
2020-02-20 00:00:00+00:00,9600.118656128
2020-02-21 00:00:00+00:00,9710.475139413524
2020-02-22 00:00:00+00:00,9700.702087966045
2020-02-23 00:00:00+00:00,9900.212573344914
2020-02-24 00:00:00+00:00,9751.516267836208
2020-02-25 00:00:00+00:00,9511.431582995283
2020-02-26 00:00:00+00:00,9069.185705391368
2020-02-27 00:00:00+00:00,8833.403157318711
2020-02-28 00:00:00+00:00,8728.820117324316
2020-02-29 00:00:00+00:00,8723.151669762985
2020-03-01 00:00:00+00:00,8616.217462666353
2020-03-02 00:00:00+00:00,8782.360406326668
2020-03-03 00:00:00+00:00,8812.023744764956
2020-03-04 00:00:00+00:00,8785.845983002762
2020-03-05 00:00:00+00:00,9042.621727939184
2020-03-06 00:00:00+00:00,9120.647187700164
2020-03-12 00:00:00+00:00,6696.056108050796
2020-03-13 00:00:00+00:00,5316.629137648897
2020-03-19 00:00:00+00:00,5759.355048986448
2020-03-20 00:00:00+00:00,6367.4205346476765
2020-04-16 00:00:00+00:00,6915.146404378983
2020-04-17 00:00:00+00:00,7077.168386681954
2020-04-18 00:00:00+00:00,7157.58931313342
2020-04-19 00:00:00+00:00,7174.041340708345
2020-04-20 00:00:00+00:00,7057.502352260136
2020-04-21 00:00:00+00:00,6871.102193878626
2020-04-22 00:00:00+00:00,7002.006973069206
2020-04-23 00:00:00+00:00,7293.0036182968925
2020-04-24 00:00:00+00:00,7517.050107772569
2020-04-25 00:00:00+00:00,7540.03993919259
2020-04-26 00:00:00+00:00,7593.978463084357
2020-04-27 00:00:00+00:00,7715.522030774942
2020-04-28 00:00:00+00:00,7730.9953842380655
2020-04-29 00:00:00+00:00,8240.382641825043
2020-04-30 00:00:00+00:00,8896.057148956317
2020-05-01 00:00:00+00:00,8785.971833379945
2020-05-02 00:00:00+00:00,8876.395362206316
2020-05-03 00:00:00+00:00,8984.55298547607
2020-05-04 00:00:00+00:00,8772.189538303966
2020-05-05 00:00:00+00:00,8929.398326952267
2020-05-06 00:00:00+00:00,9158.979485663554
2020-05-07 00:00:00+00:00,9486.283470134114
2020-05-08 00:00:00+00:00,9922.013306472856
2020-05-09 00:00:00+00:00,9732.046250833208
2020-05-10 00:00:00+00:00,8698.843967491202
2020-05-11 00:00:00+00:00,8710.237543889772
2020-05-12 00:00:00+00:00,8774.967686178932
2020-05-13 00:00:00+00:00,9044.653853960835
2020-05-14 00:00:00+00:00,9575.606549973212
2020-05-15 00:00:00+00:00,9524.429232692908
2020-05-16 00:00:00+00:00,9402.596974237693
2020-05-17 00:00:00+00:00,9620.037374199923
2020-05-18 00:00:00+00:00,9717.925190683505
2020-05-19 00:00:00+00:00,9670.28638508627
2020-05-20 00:00:00+00:00,9675.795330644147
2020-05-21 00:00:00+00:00,9290.078874509873
2020-05-22 00:00:00+00:00,9130.408404949347
2020-05-23 00:00:00+00:00,9210.461905142312
2020-05-24 00:00:00+00:00,9129.117097817529
2020-05-25 00:00:00+00:00,8825.801902452042
2020-05-26 00:00:00+00:00,8868.370150294006
2020-05-27 00:00:00+00:00,9033.061453571929
2020-05-28 00:00:00+00:00,9319.586577557839
2020-05-29 00:00:00+00:00,9455.319223483903
2020-05-30 00:00:00+00:00,9505.810129238125
2020-06-01 00:00:00+00:00,9578.493540627342
2020-06-02 00:00:00+00:00,9885.790269485069
2020-06-03 00:00:00+00:00,9555.277386370468
2020-06-04 00:00:00+00:00,9698.675906736493
2020-06-05 00:00:00+00:00,9742.169049729437
2020-06-06 00:00:00+00:00,9640.046180434665
2020-06-07 00:00:00+00:00,9622.196575879
2020-06-08 00:00:00+00:00,9724.401355600554
2020-06-09 00:00:00+00:00,9714.616989141801
2020-06-10 00:00:00+00:00,9790.131681787037
2020-06-11 00:00:00+00:00,9650.599573267264
2020-06-12 00:00:00+00:00,9421.390849223058
2020-06-13 00:00:00+00:00,9435.98282061925
2020-06-14 00:00:00+00:00,9415.17047854977
2020-06-15 00:00:00+00:00,9254.523895465507
2020-06-16 00:00:00+00:00,9499.290431664956
2020-06-17 00:00:00+00:00,9450.631293284505
2020-06-18 00:00:00+00:00,9415.31694552634
2020-06-19 00:00:00+00:00,9335.562689274211
2020-06-20 00:00:00+00:00,9312.264097568228
2020-06-21 00:00:00+00:00,9360.695464283945
2020-06-22 00:00:00+00:00,9485.718861707754
2020-06-23 00:00:00+00:00,9643.14464847952
2020-06-24 00:00:00+00:00,9455.914326159393
2020-06-25 00:00:00+00:00,9245.466634333849
2020-06-26 00:00:00+00:00,9195.096332282681
2020-06-27 00:00:00+00:00,9121.527404458751
2020-06-28 00:00:00+00:00,9068.8600027603
2020-06-29 00:00:00+00:00,9126.346393341466
2020-06-30 00:00:00+00:00,9158.633525937254
2020-07-01 00:00:00+00:00,9197.159661747548
2020-07-02 00:00:00+00:00,9175.651690915949
2020-07-03 00:00:00+00:00,9101.96979515661
2020-07-04 00:00:00+00:00,9102.056379088595
2020-07-05 00:00:00+00:00,9076.14794809276
2020-07-06 00:00:00+00:00,9217.969172490617
2020-07-07 00:00:00+00:00,9275.661625540062
2020-07-08 00:00:00+00:00,9351.0544425054
2020-07-09 00:00:00+00:00,9338.325297653746
2020-07-10 00:00:00+00:00,9211.075175360365
2020-07-11 00:00:00+00:00,9248.173565476696
2020-07-12 00:00:00+00:00,9259.356560615712
2020-07-13 00:00:00+00:00,9287.975707915328
2020-07-14 00:00:00+00:00,9228.92848024397
2020-07-15 00:00:00+00:00,9232.16822505664
2020-07-16 00:00:00+00:00,9145.193119095597
2020-07-17 00:00:00+00:00,9146.33029821828
2020-07-18 00:00:00+00:00,9170.628658511272
2020-07-19 00:00:00+00:00,9164.333384284419
2020-07-20 00:00:00+00:00,9189.185352938588
2020-07-21 00:00:00+00:00,9318.2879020444
2020-07-22 00:00:00+00:00,9376.530155418439
2020-07-23 00:00:00+00:00,9545.057590507233
2020-07-24 00:00:00+00:00,9562.903610342464
2020-07-25 00:00:00+00:00,9625.837399779644
2020-07-26 00:00:00+00:00,9832.645811761586
2020-07-27 00:00:00+00:00,10427.0220963686
2020-07-28 00:00:00+00:00,10977.785578697556
2020-07-29 00:00:00+00:00,11094.688039768262
2020-07-30 00:00:00+00:00,11039.72313856536
2020-07-31 00:00:00+00:00,11200.26429763046
2020-08-01 00:00:00+00:00,11609.659160253625
2020-08-02 00:00:00+00:00,11339.950126058546
2020-08-03 00:00:00+00:00,11255.537740815887
2020-08-04 00:00:00+00:00,11245.989135161164
2020-08-05 00:00:00+00:00,11464.649582773092
2020-08-06 00:00:00+00:00,11753.66732777456
2020-08-07 00:00:00+00:00,11715.890430077812
2020-08-08 00:00:00+00:00,11683.6982079503
2020-08-09 00:00:00+00:00,11674.040374061738
2020-08-10 00:00:00+00:00,11897.172414334307
2020-08-11 00:00:00+00:00,11639.81997593347
2020-08-12 00:00:00+00:00,11468.81540315898
2020-08-13 00:00:00+00:00,11554.608532000531
2020-08-14 00:00:00+00:00,11756.899609750704
2020-08-15 00:00:00+00:00,11881.989202794079
2020-08-16 00:00:00+00:00,11857.660514153747
2020-08-17 00:00:00+00:00,12057.487741482708
2020-08-18 00:00:00+00:00,12171.644237325592
2020-08-19 00:00:00+00:00,11812.988057413833
2020-08-20 00:00:00+00:00,11808.19374413296
2020-08-21 00:00:00+00:00,11754.70963764669
2020-08-22 00:00:00+00:00,11569.226202298993
2020-08-23 00:00:00+00:00,11632.114136819016
2020-08-24 00:00:00+00:00,11743.596491694245
2020-08-25 00:00:00+00:00,11522.775912129608
2020-08-26 00:00:00+00:00,11415.272516611036
2020-08-27 00:00:00+00:00,11360.560300891626
2020-08-28 00:00:00+00:00,11451.9205831606
2020-08-29 00:00:00+00:00,11520.463353806044
2020-08-30 00:00:00+00:00,11624.706395501287
2020-08-31 00:00:00+00:00,11694.447920526725
2020-09-01 00:00:00+00:00,11876.754943974884
2020-09-02 00:00:00+00:00,11582.1073213295
2020-09-03 00:00:00+00:00,11045.840553943191
2020-09-04 00:00:00+00:00,10395.178706537266
2020-09-05 00:00:00+00:00,10280.957873335892
2020-09-06 00:00:00+00:00,10208.602953332587
2020-09-07 00:00:00+00:00,10168.589590087297
2020-09-08 00:00:00+00:00,10160.096245820838
2020-09-09 00:00:00+00:00,10191.45827146304
2020-09-10 00:00:00+00:00,10343.651473289849
2020-09-11 00:00:00+00:00,10306.163258926656
2020-09-12 00:00:00+00:00,10377.377756877611
2020-09-13 00:00:00+00:00,10401.204764235403
2020-09-14 00:00:00+00:00,10512.398079648561
2020-09-15 00:00:00+00:00,10775.466066929395
2020-09-16 00:00:00+00:00,10899.765930667843
2020-09-17 00:00:00+00:00,10896.88493548863
2020-09-18 00:00:00+00:00,10928.10793898302
2020-09-19 00:00:00+00:00,11015.553754905926
2020-09-20 00:00:00+00:00,10925.961360714839
2020-09-21 00:00:00+00:00,10687.342212086523
2020-09-22 00:00:00+00:00,10475.275866405105
2020-09-23 00:00:00+00:00,10440.593026151493
2020-09-24 00:00:00+00:00,10448.100331901356
2020-09-25 00:00:00+00:00,10677.559995200389
2020-09-26 00:00:00+00:00,10726.228423481583
2020-09-27 00:00:00+00:00,10728.531575314168
2020-09-28 00:00:00+00:00,10889.042328392154
2020-09-29 00:00:00+00:00,10751.905133986087
2020-09-30 00:00:00+00:00,10756.963642955432
2020-10-01 00:00:00+00:00,10764.782552706043
2020-10-02 00:00:00+00:00,10544.606225984344
2020-10-03 00:00:00+00:00,10558.188768155613
2020-10-04 00:00:00+00:00,10623.072458503611
2020-10-05 00:00:00+00:00,10711.446948736326
2020-10-06 00:00:00+00:00,10711.555601092345
2020-10-07 00:00:00+00:00,10631.824147285157
2020-10-08 00:00:00+00:00,10758.656940882198
2020-10-09 00:00:00+00:00,10988.037507214292
2020-10-10 00:00:00+00:00,11336.67921449702
2020-10-11 00:00:00+00:00,11362.828783661977
2020-10-12 00:00:00+00:00,11449.242304725623
2020-10-13 00:00:00+00:00,11456.507649845655
2020-10-14 00:00:00+00:00,11411.507695100734
2020-10-15 00:00:00+00:00,11418.00072648766
2020-10-16 00:00:00+00:00,11369.095550982182
2020-10-17 00:00:00+00:00,11348.752935509652
2020-10-18 00:00:00+00:00,11431.516021999612
2020-10-19 00:00:00+00:00,11580.789510365736
2020-10-20 00:00:00+00:00,11842.516082436829
2020-10-21 00:00:00+00:00,12447.816032126188
2020-10-22 00:00:00+00:00,12923.359996793535
2020-10-23 00:00:00+00:00,12927.657266254522
2020-10-24 00:00:00+00:00,13021.334239429567
2020-10-25 00:00:00+00:00,13051.20928505932
2020-10-26 00:00:00+00:00,13063.652017964601
2020-10-27 00:00:00+00:00,13359.458880387388
2020-10-28 00:00:00+00:00,13444.373318236105
2020-10-29 00:00:00+00:00,13327.184010484214
2020-10-30 00:00:00+00:00,13432.429033063723
2020-10-31 00:00:00+00:00,13737.232392905806
2020-11-01 00:00:00+00:00,13765.717190408212
2020-11-02 00:00:00+00:00,13595.354926738702
2020-11-03 00:00:00+00:00,13612.250310053112
2020-11-04 00:00:00+00:00,13898.63856113605
2020-11-05 00:00:00+00:00,14720.667607527272
2020-11-06 00:00:00+00:00,15568.51448415364
2020-11-07 00:00:00+00:00,15327.605503456543
2020-11-08 00:00:00+00:00,15196.683540250768
2020-11-09 00:00:00+00:00,15381.39072697488
2020-11-10 00:00:00+00:00,15322.216006016291
2020-11-11 00:00:00+00:00,15589.879199422852
2020-11-12 00:00:00+00:00,15922.639783486737
2020-11-13 00:00:00+00:00,16286.831885572128
2020-11-14 00:00:00+00:00,16026.030318858391
2020-11-15 00:00:00+00:00,15995.556675322288
2020-11-16 00:00:00+00:00,16366.479036493063
2020-11-17 00:00:00+00:00,17073.396186123857
2020-11-20 00:00:00+00:00,18327.79021905535
2020-11-21 00:00:00+00:00,18693.38469128919
2020-11-22 00:00:00+00:00,18400.079163272847
2020-11-23 00:00:00+00:00,18424.439995683424
2020-11-24 00:00:00+00:00,18816.83432233364
2020-11-25 00:00:00+00:00,19033.185695947333
2020-11-26 00:00:00+00:00,17409.44188848023
2020-11-27 00:00:00+00:00,17008.52518364675
2020-11-28 00:00:00+00:00,17322.932269728917
2020-11-29 00:00:00+00:00,17995.953449920205
2020-11-30 00:00:00+00:00,18905.005138937195
2020-12-01 00:00:00+00:00,19266.29552461024
2020-12-02 00:00:00+00:00,18955.465837557094
2020-12-03 00:00:00+00:00,19279.4659962293
2020-12-04 00:00:00+00:00,19126.154647660424
2020-12-05 00:00:00+00:00,19002.469866595136
2020-12-06 00:00:00+00:00,19154.82505332061
2020-12-07 00:00:00+00:00,19211.03442934961
2020-12-08 00:00:00+00:00,18954.448121779267
2020-12-09 00:00:00+00:00,18281.911655038493
2020-12-10 00:00:00+00:00,18314.06268525207
2020-12-11 00:00:00+00:00,17951.113794876168
2020-12-12 00:00:00+00:00,18476.73109465075
2020-12-13 00:00:00+00:00,19113.696965505405
2020-12-14 00:00:00+00:00,19164.48948633457
2020-12-15 00:00:00+00:00,19348.58389265615
2020-12-16 00:00:00+00:00,20060.723707178968
2020-12-17 00:00:00+00:00,22581.916225802823
2020-12-18 00:00:00+00:00,22867.268060795293
2020-12-19 00:00:00+00:00,23341.08607858
2020-12-20 00:00:00+00:00,23581.35717809937
2020-12-21 00:00:00+00:00,23237.588833502305
2020-12-22 00:00:00+00:00,23096.084592354255
2020-12-23 00:00:00+00:00,23539.56337542822
2020-12-24 00:00:00+00:00,23230.46024045936
2020-12-25 00:00:00+00:00,24017.705270371476
2021-02-15 00:00:00+00:00,47862.73781546339
2021-02-16 00:00:00+00:00,48845.93566637052
2021-11-02 00:00:00+00:00,62545.55055951511
2021-11-03 00:00:00+00:00,62876.98317538821
2021-11-04 00:00:00+00:00,61918.057819928865
2021-11-06 00:00:00+00:00,61070.57379976236
2021-11-07 00:00:00+00:00,62192.97882248467
2021-11-08 00:00:00+00:00,65816.22666902716
2021-11-09 00:00:00+00:00,67571.88431266858
2021-11-10 00:00:00+00:00,66938.47446468785
2021-11-11 00:00:00+00:00,65021.92116543796
2021-11-12 00:00:00+00:00,64294.340524526415
2021-11-13 00:00:00+00:00,64147.31206940004
2021-11-14 00:00:00+00:00,64601.098253060634
2021-11-15 00:00:00+00:00,65188.25254274172
2021-11-16 00:00:00+00:00,60951.942022520525
2021-11-17 00:00:00+00:00,60003.8428998882
2021-11-18 00:00:00+00:00,59118.43602926488
2021-11-19 00:00:00+00:00,57299.993746166605
2021-11-20 00:00:00+00:00,58777.44409694716
2021-11-21 00:00:00+00:00,59275.446802813625
2021-11-22 00:00:00+00:00,57465.70819295082
2021-11-23 00:00:00+00:00,56888.96169102678
2021-11-25 00:00:00+00:00,58137.74639292505
2021-11-26 00:00:00+00:00,56275.743562911666
2021-11-27 00:00:00+00:00,55430.52827570503
2021-11-28 00:00:00+00:00,54707.59659735909
2021-11-29 00:00:00+00:00,57586.78046447658
2021-11-30 00:00:00+00:00,57350.09766763504
2021-12-02 00:00:00+00:00,56798.47945955176
2021-12-03 00:00:00+00:00,56007.61428521876
2021-12-04 00:00:00+00:00,49193.05375342844
2021-12-05 00:00:00+00:00,49230.021767703656
2021-12-06 00:00:00+00:00,48875.71376951287
2021-12-08 00:00:00+00:00,50429.266019867115
2021-12-09 00:00:00+00:00,49100.278146594836
2021-12-10 00:00:00+00:00,48336.16758891436
2021-12-11 00:00:00+00:00,48541.67755034575
2021-12-13 00:00:00+00:00,48337.57431609107
2021-12-14 00:00:00+00:00,47286.22685076811
2021-12-15 00:00:00+00:00,48202.61139194329
2021-12-18 00:00:00+00:00,46715.7047054865
2021-12-19 00:00:00+00:00,47271.137757737924
2021-12-22 00:00:00+00:00,48729.62318505878
2021-12-23 00:00:00+00:00,49194.607373874474
2021-12-24 00:00:00+00:00,51154.47927927289
2021-12-25 00:00:00+00:00,50967.036682906575
2021-12-26 00:00:00+00:00,50300.8116383416
2021-12-27 00:00:00+00:00,51181.326188333085
2021-12-28 00:00:00+00:00,48995.01452812034
2021-12-29 00:00:00+00:00,47675.10269082455
2021-12-30 00:00:00+00:00,47162.14392246212
2021-12-31 00:00:00+00:00,47316.30970018602
2022-01-01 00:00:00+00:00,47147.27555555679
2022-01-07 00:00:00+00:00,42156.80024705061
2022-01-08 00:00:00+00:00,41767.73439505918
2022-01-09 00:00:00+00:00,42027.940157251454
2022-01-10 00:00:00+00:00,41712.96839306378
2022-01-11 00:00:00+00:00,42271.70189699506
2022-01-12 00:00:00+00:00,43256.18260590144
2022-01-13 00:00:00+00:00,43461.37873752593
2022-01-14 00:00:00+00:00,42802.53044491914
2022-01-15 00:00:00+00:00,43224.62650655024
2022-01-18 00:00:00+00:00,42013.414686996475
2022-01-19 00:00:00+00:00,41982.20669713448
2022-01-21 00:00:00+00:00,38768.02194168501
2022-01-22 00:00:00+00:00,35615.05760435285
2022-01-23 00:00:00+00:00,35535.84375937379
2022-01-24 00:00:00+00:00,35184.82322767571
2022-01-25 00:00:00+00:00,36585.76104177224
2022-01-26 00:00:00+00:00,37593.28629029538
2022-01-27 00:00:00+00:00,36443.72778061912
2022-01-28 00:00:00+00:00,37195.33378568701
2022-02-02 00:00:00+00:00,38110.06031074658
2022-02-03 00:00:00+00:00,36870.751790311275
2022-02-05 00:00:00+00:00,41542.708410126
2022-02-06 00:00:00+00:00,41641.7760563115
2022-02-07 00:00:00+00:00,43155.50004180576
2022-02-08 00:00:00+00:00,43938.226005165794
2022-02-10 00:00:00+00:00,44410.87181983592
2022-02-11 00:00:00+00:00,43260.55947938237
2022-02-12 00:00:00+00:00,42423.94044676922
2022-02-13 00:00:00+00:00,42463.33879280509
2022-02-15 00:00:00+00:00,43938.85636814849
2022-02-16 00:00:00+00:00,44047.593890104115
2022-02-17 00:00:00+00:00,42705.24488625423
2022-02-21 00:00:00+00:00,38556.60294425696
2022-02-22 00:00:00+00:00,37366.613824103784
2022-02-27 00:00:00+00:00,38779.54410642976
2022-02-28 00:00:00+00:00,39423.58576026612
2022-03-03 00:00:00+00:00,43161.619746470096
2022-03-04 00:00:00+00:00,40995.7250133253
2022-03-06 00:00:00+00:00,39116.76273118436
2022-03-07 00:00:00+00:00,38325.53193441153
2022-03-08 00:00:00+00:00,38674.98138264244
2022-03-09 00:00:00+00:00,41560.70519114255
2022-03-10 00:00:00+00:00,39681.34170610669
2022-03-11 00:00:00+00:00,39012.74914785687
2022-03-12 00:00:00+00:00,39166.345262901516
2022-03-13 00:00:00+00:00,38971.116507608465
2022-03-16 00:00:00+00:00,40266.2985624923
2022-03-17 00:00:00+00:00,40932.37487891276
2022-03-18 00:00:00+00:00,40979.281554752386
2022-03-19 00:00:00+00:00,41881.18116441476
2022-03-20 00:00:00+00:00,41686.29116027675
2022-03-21 00:00:00+00:00,41152.34398576194
2022-03-22 00:00:00+00:00,42479.15144199363
2022-03-23 00:00:00+00:00,42288.34379148611
2022-03-26 00:00:00+00:00,44467.76721813477
2022-03-27 00:00:00+00:00,44999.434131089365
2022-03-29 00:00:00+00:00,47600.56047119338
2022-03-30 00:00:00+00:00,47301.29335985463
2022-03-31 00:00:00+00:00,46733.145591577915
2022-04-04 00:00:00+00:00,46118.9458867445
2022-04-05 00:00:00+00:00,46393.539063344935
2022-04-06 00:00:00+00:00,44685.89579354309
2022-04-07 00:00:00+00:00,43523.74460267487
2022-04-08 00:00:00+00:00,43361.11936417995
2022-04-09 00:00:00+00:00,42545.55676677912
2022-04-10 00:00:00+00:00,42853.05785731596
2022-04-11 00:00:00+00:00,41291.53796907431
2022-04-12 00:00:00+00:00,39994.9145924884
2022-04-13 00:00:00+00:00,40505.02693712239
2022-04-14 00:00:00+00:00,40740.42097173264
2022-04-15 00:00:00+00:00,40280.98007549342
2022-04-16 00:00:00+00:00,40468.85720040304
2022-04-21 00:00:00+00:00,41733.18617441332
2022-04-22 00:00:00+00:00,40166.42640786148
2022-04-23 00:00:00+00:00,39760.17505140151
2022-04-24 00:00:00+00:00,39695.983021980224
2022-04-25 00:00:00+00:00,39268.72668767209
2022-04-26 00:00:00+00:00,39705.12446461245
2022-04-27 00:00:00+00:00,38840.05787340934
2022-04-28 00:00:00+00:00,39624.642273301455
2022-05-01 00:00:00+00:00,38177.84953686325
2022-05-02 00:00:00+00:00,38738.91042272811
2022-05-03 00:00:00+00:00,38289.90874220308
2022-05-04 00:00:00+00:00,38839.06899936832
2022-05-05 00:00:00+00:00,38473.049922550985
2022-05-06 00:00:00+00:00,36204.075539513215
2022-05-07 00:00:00+00:00,35946.05229873305
2022-05-09 00:00:00+00:00,32752.557435854207
2022-05-10 00:00:00+00:00,31370.268267343145
2022-05-11 00:00:00+00:00,30594.167541010047
2022-05-12 00:00:00+00:00,28393.772884854327
2022-05-13 00:00:00+00:00,30154.389233389214
2022-05-14 00:00:00+00:00,29394.083268573777
2022-05-15 00:00:00+00:00,30107.84304019322
2022-05-16 00:00:00+00:00,29986.70752003009
2022-05-17 00:00:00+00:00,30271.708005964385
2022-05-18 00:00:00+00:00,29600.6060735308
2022-05-19 00:00:00+00:00,29545.184866559863
2022-05-20 00:00:00+00:00,29799.685102297335
2022-05-21 00:00:00+00:00,29340.183081905965
2022-05-22 00:00:00+00:00,29787.392946019187
2022-05-23 00:00:00+00:00,30081.824292704347
2022-05-25 00:00:00+00:00,29742.78199204765
2022-05-26 00:00:00+00:00,29444.36642111556
2022-05-28 00:00:00+00:00,28889.834227530155
2022-05-29 00:00:00+00:00,29141.413578045165
2022-05-30 00:00:00+00:00,30591.33053077116
2022-06-03 00:00:00+00:00,29991.06604218492
2022-06-04 00:00:00+00:00,29703.74801850825
2022-06-05 00:00:00+00:00,29818.172306013796
2022-06-06 00:00:00+00:00,31222.76679506853
2022-06-07 00:00:00+00:00,30003.221400679096
2022-06-08 00:00:00+00:00,30449.551103181104
2022-06-09 00:00:00+00:00,30237.135064199323
2022-06-10 00:00:00+00:00,29650.78773101741
2022-06-11 00:00:00+00:00,28881.993358820957
2022-06-12 00:00:00+00:00,27661.292983727722
2022-06-13 00:00:00+00:00,24261.581563120933
2022-06-14 00:00:00+00:00,22185.178411591936
2022-06-15 00:00:00+00:00,21357.047392480174
2022-06-16 00:00:00+00:00,21440.373651686048
2022-06-17 00:00:00+00:00,20689.719709972425
2022-06-20 00:00:00+00:00,20309.651222613807
2022-06-21 00:00:00+00:00,20994.60169655639
2022-06-22 00:00:00+00:00,20303.260042430284
2022-06-25 00:00:00+00:00,21277.334153554468
2022-06-26 00:00:00+00:00,21355.9923717531
2022-06-27 00:00:00+00:00,21048.369066398405
2022-06-28 00:00:00+00:00,20708.24861508405
2022-06-29 00:00:00+00:00,20145.960168888883
2022-06-30 00:00:00+00:00,19349.008752776208
2022-07-01 00:00:00+00:00,19532.84350912132
2022-07-04 00:00:00+00:00,19495.40780228063
2022-07-07 00:00:00+00:00,20769.905767884313
2022-07-08 00:00:00+00:00,21753.173947254774
2022-07-09 00:00:00+00:00,21622.120906692835
2022-07-10 00:00:00+00:00,21144.58520476061
2022-07-11 00:00:00+00:00,20472.12079872676
2022-07-12 00:00:00+00:00,19760.33220865511
2022-07-13 00:00:00+00:00,19619.22132106653
2022-07-14 00:00:00+00:00,20173.887361720954
2022-07-19 00:00:00+00:00,22519.992180184596
2022-07-20 00:00:00+00:00,23570.38040375744
2022-07-21 00:00:00+00:00,22942.16459730511
2022-07-24 00:00:00+00:00,22656.490841810617
2022-07-25 00:00:00+00:00,21961.79811479716
2022-07-26 00:00:00+00:00,21046.08647354725
2022-07-27 00:00:00+00:00,21659.691124143814
2022-07-28 00:00:00+00:00,23309.431354557917
2022-07-29 00:00:00+00:00,23877.1584364708
2022-07-30 00:00:00+00:00,24020.9524759556
2022-07-31 00:00:00+00:00,23716.78994273296
2022-08-01 00:00:00+00:00,23225.2188999642
2022-08-02 00:00:00+00:00,22982.85671730224
2022-08-03 00:00:00+00:00,23179.567209509045
2022-08-07 00:00:00+00:00,23078.03207101856
2022-08-08 00:00:00+00:00,23783.23929395521
2022-08-09 00:00:00+00:00,23449.383779712647
2022-08-17 00:00:00+00:00,23712.955853529806
2022-08-18 00:00:00+00:00,23431.10154115002
2022-08-27 00:00:00+00:00,20154.595730999878
2022-08-28 00:00:00+00:00,20029.62487473428
2022-08-29 00:00:00+00:00,19998.16652886129
2022-09-13 00:00:00+00:00,21554.88010006668
2022-09-14 00:00:00+00:00,20238.785687303112
2022-09-17 00:00:00+00:00,19957.332512054953
2022-09-18 00:00:00+00:00,19888.13711716129
2022-09-19 00:00:00+00:00,19026.383349479107
2022-09-24 00:00:00+00:00,19078.079455405594
2022-09-25 00:00:00+00:00,18992.03968754898
2022-09-26 00:00:00+00:00,19016.751600944423
2022-09-27 00:00:00+00:00,19736.953242179738
2022-09-28 00:00:00+00:00,19125.88707314212
2022-09-29 00:00:00+00:00,19397.58192397545
2022-09-30 00:00:00+00:00,19530.37776495876
2022-10-01 00:00:00+00:00,19334.872563554774
2022-10-03 00:00:00+00:00,19324.078215971513
2022-10-04 00:00:00+00:00,19945.94489792672
2022-10-07 00:00:00+00:00,19774.731300615615
2022-10-08 00:00:00+00:00,19498.40416931313
2022-10-11 00:00:00+00:00,19077.39166632556
2022-10-12 00:00:00+00:00,19124.34471924733
2022-10-20 00:00:00+00:00,19131.398716354393
2022-10-21 00:00:00+00:00,19074.17742293648
2022-10-22 00:00:00+00:00,19185.009226451617
2022-10-24 00:00:00+00:00,19360.584293046588
2022-10-25 00:00:00+00:00,19598.030929591157
2022-10-26 00:00:00+00:00,20531.36799269518
2022-10-27 00:00:00+00:00,20601.640975948605
2022-10-28 00:00:00+00:00,20359.404279688035
2022-10-29 00:00:00+00:00,20741.929992969417
2022-10-30 00:00:00+00:00,20672.23408793437
2022-11-05 00:00:00+00:00,21330.981908743703
2022-11-06 00:00:00+00:00,21188.71875509021
2022-11-07 00:00:00+00:00,20769.049413464556
2022-11-08 00:00:00+00:00,19582.684765158014
2022-11-09 00:00:00+00:00,17538.344942455806
2022-11-10 00:00:00+00:00,16934.428755241188
2022-11-11 00:00:00+00:00,17098.76053279063
2022-11-12 00:00:00+00:00,16842.594555656357
2022-11-19 00:00:00+00:00,16665.551142870063
2022-11-20 00:00:00+00:00,16614.290259311972
2022-11-28 00:00:00+00:00,16244.453480424954
2022-11-29 00:00:00+00:00,16426.688577204244
2022-11-30 00:00:00+00:00,16908.155431754793
2022-12-03 00:00:00+00:00,16988.909001847842
2022-12-04 00:00:00+00:00,17035.092533986513
2022-12-07 00:00:00+00:00,16889.11517793916
2022-12-08 00:00:00+00:00,16937.949911653468
2022-12-09 00:00:00+00:00,17193.973762126014
2022-12-10 00:00:00+00:00,17170.095814119697
2022-12-12 00:00:00+00:00,17006.773299187294
2022-12-13 00:00:00+00:00,17469.779597167893
2022-12-14 00:00:00+00:00,17874.328804425815
2022-12-15 00:00:00+00:00,17584.989253418316
2022-12-16 00:00:00+00:00,17100.95814650202
2022-12-17 00:00:00+00:00,16712.734531577174
2022-12-18 00:00:00+00:00,16741.16809329845
2022-12-29 00:00:00+00:00,16585.872381248693
2022-12-30 00:00:00+00:00,16545.34409121533
2022-12-31 00:00:00+00:00,16570.269678970755
2023-01-09 00:00:00+00:00,17235.638725216988
2023-01-10 00:00:00+00:00,17290.616640763834
2023-01-14 00:00:00+00:00,20822.4369410666
2023-01-15 00:00:00+00:00,20781.63061356087
2023-01-16 00:00:00+00:00,21039.993402321503
2023-01-17 00:00:00+00:00,21194.629763230252
2023-01-18 00:00:00+00:00,21130.641985351784
2023-01-19 00:00:00+00:00,20857.15388175278
2023-01-20 00:00:00+00:00,21312.676753491967
2023-01-21 00:00:00+00:00,22905.323826050295
2023-01-22 00:00:00+00:00,22836.302685025
2023-01-23 00:00:00+00:00,22850.992173938434
2023-01-24 00:00:00+00:00,22985.808469399413
2023-01-25 00:00:00+00:00,22730.648580820183
2023-01-26 00:00:00+00:00,23088.509867176523
2023-01-28 00:00:00+00:00,23054.927003634
2023-01-29 00:00:00+00:00,23466.21199775789
2023-02-03 00:00:00+00:00,23492.99584403729
2023-02-04 00:00:00+00:00,23409.481037003527
2023-02-05 00:00:00+00:00,23232.90362086244
2023-02-06 00:00:00+00:00,22924.23689111848
2023-02-07 00:00:00+00:00,22995.848729057845
2023-02-09 00:00:00+00:00,22551.495191317306
2023-02-10 00:00:00+00:00,21788.558448831915
2023-02-11 00:00:00+00:00,21727.33311035816
2023-02-14 00:00:00+00:00,21914.240378946677
2023-02-15 00:00:00+00:00,22698.045958062597
2023-02-16 00:00:00+00:00,24597.19831573158
2023-02-17 00:00:00+00:00,24020.82609303789
2023-02-27 00:00:00+00:00,23451.34704452229
2023-02-28 00:00:00+00:00,23381.81106857358
2023-03-01 00:00:00+00:00,23601.363239904873
2023-03-02 00:00:00+00:00,23438.124232120852
2023-03-03 00:00:00+00:00,22436.80494082228
2023-03-04 00:00:00+00:00,22351.076938817398
2023-03-09 00:00:00+00:00,21425.26460132915
2023-03-10 00:00:00+00:00,19983.66982619683
2023-03-11 00:00:00+00:00,20329.567299754843
2023-03-15 00:00:00+00:00,24673.477986210277
2023-03-16 00:00:00+00:00,24715.85300517711
2023-03-17 00:00:00+00:00,26352.59505138183
2023-03-18 00:00:00+00:00,27438.82479967961
2023-03-20 00:00:00+00:00,27936.399036916817
2023-03-21 00:00:00+00:00,28013.02155288354
2023-03-22 00:00:00+00:00,28110.006363824577
2023-03-23 00:00:00+00:00,27852.39894022045
2023-03-24 00:00:00+00:00,28022.25716109332
2023-03-26 00:00:00+00:00,27773.302522643273
2023-03-27 00:00:00+00:00,27581.563602043247
2023-04-08 00:00:00+00:00,28089.65389288978
2023-04-09 00:00:00+00:00,28140.639772801624
2023-04-11 00:00:00+00:00,30144.733821313243
2023-04-12 00:00:00+00:00,30039.77811015347
2023-04-14 00:00:00+00:00,30650.677738419898
2023-04-15 00:00:00+00:00,30434.86393716639
2023-04-16 00:00:00+00:00,30393.855469841787
2023-04-18 00:00:00+00:00,29980.323491810435
2023-04-19 00:00:00+00:00,29599.232027827064
2023-04-20 00:00:00+00:00,28693.587108964028
2023-04-21 00:00:00+00:00,27989.452341456425
2023-04-22 00:00:00+00:00,27514.091722075776
2023-04-23 00:00:00+00:00,27697.619362670568
2023-04-24 00:00:00+00:00,27571.8147575614
2023-04-25 00:00:00+00:00,27583.350432069383
2023-04-26 00:00:00+00:00,28875.273458930646
2023-04-29 00:00:00+00:00,29400.27751336185
2023-04-30 00:00:00+00:00,29482.779330948983
2023-05-07 00:00:00+00:00,29043.869765010215
2023-05-08 00:00:00+00:00,28012.19580235646
2023-05-09 00:00:00+00:00,27673.422165980846
2023-05-10 00:00:00+00:00,27762.662341151416
2023-05-11 00:00:00+00:00,27307.234738762934
2023-05-12 00:00:00+00:00,26523.128477823015
2023-05-13 00:00:00+00:00,26896.081518370655
2023-05-14 00:00:00+00:00,26926.755851553327
2023-05-15 00:00:00+00:00,27339.98207514788
2023-05-20 00:00:00+00:00,26955.66895360557
2023-05-21 00:00:00+00:00,26987.78190283253
2023-05-22 00:00:00+00:00,26818.864338286647
2023-05-23 00:00:00+00:00,27253.263521014014
2023-05-24 00:00:00+00:00,26628.135707260004
2023-05-25 00:00:00+00:00,26305.300779709025
2023-05-27 00:00:00+00:00,26728.63163363357
2023-05-28 00:00:00+00:00,27305.345272464565
2023-05-29 00:00:00+00:00,27862.827589120072
2023-05-30 00:00:00+00:00,27799.558736362043
2023-06-05 00:00:00+00:00,26458.157664658913
2023-06-06 00:00:00+00:00,26129.31115910566
2023-06-10 00:00:00+00:00,25894.217078133002
2023-06-11 00:00:00+00:00,25903.23903250009
2023-07-17 00:00:00+00:00,30213.378957771463
2023-07-18 00:00:00+00:00,29977.099234249323
2023-09-09 00:00:00+00:00,25898.28926094573
2023-10-29 00:00:00+00:00,34354.8022947672
2023-10-30 00:00:00+00:00,34471.32752463221
2023-11-08 00:00:00+00:00,35415.113404043244
2023-11-09 00:00:00+00:00,36619.796997991354
2023-11-19 00:00:00+00:00,36725.44162973429
2023-11-28 00:00:00+00:00,37460.90359261647
2023-11-29 00:00:00+00:00,37969.44098051009
2023-11-30 00:00:00+00:00,37802.66282640193
2023-12-03 00:00:00+00:00,39555.538053989454
2023-12-04 00:00:00+00:00,41426.61371486471
2023-12-05 00:00:00+00:00,42395.44555171968
2023-12-06 00:00:00+00:00,43890.29607986445
2023-12-09 00:00:00+00:00,44063.22247936696
2023-12-10 00:00:00+00:00,43867.33536921024
2023-12-21 00:00:00+00:00,43746.60200743298
2023-12-22 00:00:00+00:00,43835.8718142425
2024-01-05 00:00:00+00:00,43824.23283534159
2024-01-06 00:00:00+00:00,43904.42090837373
2024-01-19 00:00:00+00:00,41292.94564646176
2024-01-20 00:00:00+00:00,41644.209242028606
2024-01-23 00:00:00+00:00,39426.28887975897
2024-01-24 00:00:00+00:00,39923.077903205805
2024-01-26 00:00:00+00:00,40944.02303676326
2024-01-27 00:00:00+00:00,41869.64347223588
2024-02-19 00:00:00+00:00,52150.02061453206
2024-02-20 00:00:00+00:00,51895.21671375752
2024-02-23 00:00:00+00:00,51116.48746782348
2024-02-24 00:00:00+00:00,51214.126040736475
2024-02-27 00:00:00+00:00,56480.034096522235
2024-02-28 00:00:00+00:00,59281.75587981872
2024-02-29 00:00:00+00:00,62076.9613099178
2024-03-01 00:00:00+00:00,61884.40003391597
2024-03-02 00:00:00+00:00,62041.61460656907
2024-03-10 00:00:00+00:00,69421.27959831347
2024-03-11 00:00:00+00:00,70994.08208688362
2024-03-12 00:00:00+00:00,71694.13442017732
2024-03-16 00:00:00+00:00,68280.13945103079
2024-03-17 00:00:00+00:00,67075.36684270803
2024-03-18 00:00:00+00:00,67803.76990305072
2024-03-19 00:00:00+00:00,64392.559734012175
2024-03-20 00:00:00+00:00,63887.775989904745
2024-03-21 00:00:00+00:00,66707.02170797439
